ID,idh_truth,pred,pred_class,patient_group,source
CASE_I_0207,1,0.7134873867034912,1,GROUP_I_0207,BraTS2020
CASE_I_0218,1,0.6822735667228699,1,GROUP_I_0218,BraTS2020
CASE_I_0188,1,0.7239491939544678,1,GROUP_I_0188,BraTS2020
CASE_I_0214,1,0.5709215402603149,1,GROUP_I_0214,BraTS2020
CASE_I_0205,1,0.8827396035194397,1,GROUP_I_0205,BraTS2020
CASE_I_0184,1,0.7229374647140503,1,GROUP_I_0184,BraTS2020
CASE_I_0211,1,0.8166176080703735,1,GROUP_I_0211,BraTS2020
CASE_I_0185,1,0.8015561103820801,1,GROUP_I_0185,BraTS2020
CASE_I_0159,1,0.18446636199951172,0,GROUP_I_0159,BraTS2020
CASE_I_0194,1,0.6232736110687256,1,GROUP_I_0194,BraTS2020
CASE_I_0140,1,0.8769274950027466,1,GROUP_I_0140,BraTS2020
CASE_I_0139,1,0.787295937538147,1,GROUP_I_0139,BraTS2020
CASE_I_0088,1,0.12665468454360962,0,GROUP_I_0088,BraTS2020
CASE_I_0125,1,0.6485881209373474,1,GROUP_I_0125,BraTS2020
CASE_I_0120,1,0.6224026083946228,1,GROUP_I_0120,BraTS2020
CASE_I_0096,1,0.7232785820960999,1,GROUP_I_0096,BraTS2020
CASE_I_0099,1,0.763238787651062,1,GROUP_I_0099,BraTS2020
CASE_I_0106,1,0.6340578198432922,1,GROUP_I_0106,BraTS2020
CASE_I_0013,0,0.520100474357605,1,GROUP_I_0013,BraTS2020
CASE_I_0191,0,0.2352065145969391,0,GROUP_I_0191,BraTS2020
CASE_I_0058,0,0.054652221500873566,0,GROUP_I_0058,BraTS2020
CASE_I_0172,0,0.18360309302806854,0,GROUP_I_0172,BraTS2020
CASE_I_0158,0,0.4876476526260376,0,GROUP_I_0158,BraTS2020
CASE_I_0161,0,0.5457203388214111,1,GROUP_I_0161,BraTS2020
CASE_I_0200,0,0.4486622214317322,0,GROUP_I_0200,BraTS2020
CASE_I_0154,0,0.31365668773651123,0,GROUP_I_0154,BraTS2020
CASE_I_0169,0,0.15627126395702362,0,GROUP_I_0169,BraTS2020
CASE_I_0167,0,0.11641845107078552,0,GROUP_I_0167,BraTS2020
CASE_I_0155,0,0.17700055241584778,0,GROUP_I_0155,BraTS2020
CASE_I_0192,0,0.32590290904045105,0,GROUP_I_0192,BraTS2020
CASE_I_0168,0,0.08660302311182022,0,GROUP_I_0168,BraTS2020
CASE_I_0150,0,0.13421979546546936,0,GROUP_I_0150,BraTS2020
CASE_I_0001,0,0.27281567454338074,0,GROUP_I_0001,BraTS2020
CASE_I_0062,0,0.4211839437484741,0,GROUP_I_0062,BraTS2020
CASE_I_0018,0,0.26036882400512695,0,GROUP_I_0018,BraTS2020
CASE_I_0089,0,0.5366003513336182,1,GROUP_I_0089,BraTS2020
CASE_I_0072,0,0.10262519121170044,0,GROUP_I_0072,BraTS2020
CASE_I_0036,0,0.24495765566825867,0,GROUP_I_0036,BraTS2020
CASE_I_0030,0,0.7584940791130066,1,GROUP_I_0030,BraTS2020
CASE_I_0082,0,0.19922104477882385,0,GROUP_I_0082,BraTS2020
CASE_I_0002,0,0.31972578167915344,0,GROUP_I_0002,BraTS2020
CASE_I_0039,0,0.5361112356185913,1,GROUP_I_0039,BraTS2020
CASE_I_0074,0,0.245509535074234,0,GROUP_I_0074,BraTS2020
CASE_I_0016,0,0.11268904060125351,0,GROUP_I_0016,BraTS2020
CASE_I_0813,0,0.16034094989299774,0,GROUP_I_0782,IVY-GAP
CASE_I_0802,0,0.2242535948753357,0,GROUP_I_0771,IVY-GAP
CASE_I_0793,0,0.7056292295455933,1,GROUP_I_0762,IVY-GAP
CASE_I_0797,0,0.2798120081424713,0,GROUP_I_0766,IVY-GAP
CASE_I_0784,0,0.2542199194431305,0,GROUP_I_0753,IVY-GAP
CASE_I_0807,0,0.3275142312049866,0,GROUP_I_0776,IVY-GAP
CASE_I_0469,1,0.5903028845787048,1,GROUP_I_0445,UPENN-GBM
CASE_I_0520,1,0.23116534948349,0,GROUP_I_0489,UPENN-GBM
CASE_I_0771,1,0.06628686189651489,0,GROUP_I_0740,UPENN-GBM
CASE_I_0413,1,0.565406084060669,1,GROUP_I_0395,UPENN-GBM
CASE_I_0320,0,0.07484836131334305,0,GROUP_I_0314,UPENN-GBM
CASE_I_0505,0,0.11330819129943848,0,GROUP_I_0477,UPENN-GBM
CASE_I_0246,0,0.16842111945152283,0,GROUP_I_0246,UPENN-GBM
CASE_I_0368,0,0.11819765716791153,0,GROUP_I_0352,UPENN-GBM
CASE_I_0594,0,0.13631056249141693,0,GROUP_I_0563,UPENN-GBM
CASE_I_0639,0,0.4836427569389343,0,GROUP_I_0608,UPENN-GBM
CASE_I_0596,0,0.25202012062072754,0,GROUP_I_0565,UPENN-GBM
CASE_I_0305,0,0.12655527889728546,0,GROUP_I_0300,UPENN-GBM
CASE_I_0473,0,0.14643312990665436,0,GROUP_I_0448,UPENN-GBM
CASE_I_0337,0,0.09238294512033463,0,GROUP_I_0326,UPENN-GBM
CASE_I_0234,0,0.15262533724308014,0,GROUP_I_0234,UPENN-GBM
CASE_I_0360,0,0.13904696702957153,0,GROUP_I_0345,UPENN-GBM
CASE_I_0671,0,0.06563692539930344,0,GROUP_I_0640,UPENN-GBM
CASE_I_0527,0,0.05544218048453331,0,GROUP_I_0496,UPENN-GBM
CASE_I_0225,0,0.2588297724723816,0,GROUP_I_0225,UPENN-GBM
CASE_I_0580,0,0.07736993581056595,0,GROUP_I_0549,UPENN-GBM
CASE_I_0739,0,0.27521783113479614,0,GROUP_I_0708,UPENN-GBM
CASE_I_0609,0,0.055652033537626266,0,GROUP_I_0578,UPENN-GBM
CASE_I_0679,0,0.05522587522864342,0,GROUP_I_0648,UPENN-GBM
CASE_I_0437,0,0.453241765499115,0,GROUP_I_0418,UPENN-GBM
CASE_I_0782,0,0.10437583923339844,0,GROUP_I_0751,UPENN-GBM
CASE_I_0376,0,0.07883711159229279,0,GROUP_I_0359,UPENN-GBM
CASE_I_0767,0,0.050547126680612564,0,GROUP_I_0736,UPENN-GBM
CASE_I_0620,0,0.12822796404361725,0,GROUP_I_0589,UPENN-GBM
CASE_I_0329,0,0.08973091095685959,0,GROUP_I_0320,UPENN-GBM
CASE_I_0550,0,0.06263072043657303,0,GROUP_I_0519,UPENN-GBM
CASE_I_0350,0,0.13691185414791107,0,GROUP_I_0336,UPENN-GBM
CASE_I_0387,0,0.18818672001361847,0,GROUP_I_0369,UPENN-GBM
CASE_I_0772,0,0.02999875880777836,0,GROUP_I_0741,UPENN-GBM
CASE_I_0285,0,0.14315687119960785,0,GROUP_I_0283,UPENN-GBM
CASE_I_0249,0,0.0833650603890419,0,GROUP_I_0248,UPENN-GBM
CASE_I_0458,0,0.13802862167358398,0,GROUP_I_0436,UPENN-GBM
CASE_I_0575,0,0.08475711196660995,0,GROUP_I_0544,UPENN-GBM
CASE_I_0222,0,0.09653763473033905,0,GROUP_I_0222,UPENN-GBM
CASE_I_0738,0,0.2549528181552887,0,GROUP_I_0707,UPENN-GBM
CASE_I_0401,0,0.09599912911653519,0,GROUP_I_0383,UPENN-GBM
CASE_I_0686,0,0.4099906086921692,0,GROUP_I_0655,UPENN-GBM
CASE_I_0566,0,0.10996133834123611,0,GROUP_I_0535,UPENN-GBM
CASE_I_0377,0,0.28084492683410645,0,GROUP_I_0360,UPENN-GBM
CASE_I_0385,0,0.1320669800043106,0,GROUP_I_0368,UPENN-GBM
CASE_I_0775,0,0.1313626915216446,0,GROUP_I_0744,UPENN-GBM
CASE_I_0511,0,0.0507073700428009,0,GROUP_I_0480,UPENN-GBM
CASE_I_0263,0,0.1214422881603241,0,GROUP_I_0261,UPENN-GBM
CASE_I_0432,0,0.27203381061553955,0,GROUP_I_0413,UPENN-GBM
CASE_I_0247,0,0.5273265838623047,1,GROUP_I_0247,UPENN-GBM
CASE_I_0723,0,0.08254415541887283,0,GROUP_I_0692,UPENN-GBM
CASE_I_0450,0,0.0735047236084938,0,GROUP_I_0430,UPENN-GBM
CASE_I_0441,0,0.14210310578346252,0,GROUP_I_0422,UPENN-GBM
CASE_I_0623,0,0.11169024556875229,0,GROUP_I_0592,UPENN-GBM
CASE_I_0269,0,0.3952333331108093,0,GROUP_I_0267,UPENN-GBM
CASE_I_0448,0,0.05271361395716667,0,GROUP_I_0429,UPENN-GBM
CASE_I_0504,0,0.0929630771279335,0,GROUP_I_0476,UPENN-GBM
CASE_I_0266,0,0.04257197678089142,0,GROUP_I_0264,UPENN-GBM
CASE_I_0598,0,0.08798450231552124,0,GROUP_I_0567,UPENN-GBM
CASE_I_0733,0,0.09365914016962051,0,GROUP_I_0702,UPENN-GBM
CASE_I_0697,0,0.1273983120918274,0,GROUP_I_0666,UPENN-GBM
CASE_I_0704,0,0.10248181223869324,0,GROUP_I_0673,UPENN-GBM
CASE_I_0680,0,0.07877031713724136,0,GROUP_I_0649,UPENN-GBM
CASE_I_0740,0,0.19245070219039917,0,GROUP_I_0709,UPENN-GBM
CASE_I_0474,0,0.11632416397333145,0,GROUP_I_0449,UPENN-GBM
CASE_I_0316,0,0.12576763331890106,0,GROUP_I_0310,UPENN-GBM
CASE_I_0747,0,0.07675430923700333,0,GROUP_I_0716,UPENN-GBM
CASE_I_0687,0,0.3696652054786682,0,GROUP_I_0656,UPENN-GBM
CASE_I_0267,0,0.1494576334953308,0,GROUP_I_0265,UPENN-GBM
CASE_I_0237,0,0.3361239731311798,0,GROUP_I_0237,UPENN-GBM
CASE_I_0445,0,0.05858190357685089,0,GROUP_I_0426,UPENN-GBM
CASE_I_0443,0,0.057925619184970856,0,GROUP_I_0424,UPENN-GBM
CASE_I_0567,0,0.07240866124629974,0,GROUP_I_0536,UPENN-GBM
CASE_I_0759,0,0.13048113882541656,0,GROUP_I_0728,UPENN-GBM
CASE_I_0530,0,0.2797740399837494,0,GROUP_I_0499,UPENN-GBM
CASE_I_0542,0,0.16942010819911957,0,GROUP_I_0511,UPENN-GBM
CASE_I_0605,0,0.1342492401599884,0,GROUP_I_0574,UPENN-GBM
CASE_I_0421,0,0.044187430292367935,0,GROUP_I_0403,UPENN-GBM
CASE_I_0742,0,0.053834524005651474,0,GROUP_I_0711,UPENN-GBM
CASE_I_0490,0,0.06135532632470131,0,GROUP_I_0464,UPENN-GBM
CASE_I_0684,0,0.032310087233781815,0,GROUP_I_0653,UPENN-GBM
CASE_I_0502,0,0.041272930800914764,0,GROUP_I_0475,UPENN-GBM
CASE_I_0419,0,0.09432496130466461,0,GROUP_I_0401,UPENN-GBM
CASE_I_0493,0,0.07495077699422836,0,GROUP_I_0467,UPENN-GBM
CASE_I_0370,0,0.36729592084884644,0,GROUP_I_0354,UPENN-GBM
CASE_I_0709,0,0.10067743062973022,0,GROUP_I_0678,UPENN-GBM
CASE_I_0446,0,0.0359831266105175,0,GROUP_I_0427,UPENN-GBM
CASE_I_0431,0,0.22884123027324677,0,GROUP_I_0412,UPENN-GBM
CASE_I_0422,0,0.06754761934280396,0,GROUP_I_0404,UPENN-GBM
CASE_I_0625,0,0.06133091822266579,0,GROUP_I_0594,UPENN-GBM
CASE_I_0253,0,0.07279721647500992,0,GROUP_I_0252,UPENN-GBM
CASE_I_0281,0,0.06839623302221298,0,GROUP_I_0279,UPENN-GBM
CASE_I_0346,0,0.06838017702102661,0,GROUP_I_0333,UPENN-GBM
CASE_I_0601,0,0.1071518212556839,0,GROUP_I_0570,UPENN-GBM
CASE_I_0656,0,0.08619727939367294,0,GROUP_I_0625,UPENN-GBM
CASE_I_0254,0,0.1572040617465973,0,GROUP_I_0253,UPENN-GBM
CASE_I_0646,0,0.12812526524066925,0,GROUP_I_0615,UPENN-GBM
CASE_I_0736,0,0.12393373250961304,0,GROUP_I_0705,UPENN-GBM
CASE_I_0630,0,0.10574141889810562,0,GROUP_I_0599,UPENN-GBM
CASE_I_0435,0,0.11226382106542587,0,GROUP_I_0416,UPENN-GBM
CASE_I_0286,0,0.22865809500217438,0,GROUP_I_0284,UPENN-GBM
CASE_I_0375,0,0.2300887107849121,0,GROUP_I_0358,UPENN-GBM
CASE_I_0595,0,0.07683544605970383,0,GROUP_I_0564,UPENN-GBM
CASE_I_0395,0,0.11187821626663208,0,GROUP_I_0377,UPENN-GBM
CASE_I_0672,0,0.12023817002773285,0,GROUP_I_0641,UPENN-GBM
CASE_I_0328,0,0.060357287526130676,0,GROUP_I_0319,UPENN-GBM
CASE_I_0615,0,0.1033884659409523,0,GROUP_I_0584,UPENN-GBM
CASE_I_0468,0,0.09974171966314316,0,GROUP_I_0444,UPENN-GBM
CASE_I_0463,0,0.042082153260707855,0,GROUP_I_0441,UPENN-GBM
CASE_I_0288,0,0.19105938076972961,0,GROUP_I_0286,UPENN-GBM
CASE_I_0591,0,0.13931001722812653,0,GROUP_I_0560,UPENN-GBM
CASE_I_0307,0,0.07890883833169937,0,GROUP_I_0302,UPENN-GBM
CASE_I_0299,0,0.15987518429756165,0,GROUP_I_0294,UPENN-GBM
CASE_I_0645,0,0.12199442833662033,0,GROUP_I_0614,UPENN-GBM
