ID,idh_truth,pred,pred_class,patient_group,source
CASE_E_0428,1,0.854465901851654,1,GROUP_E_0422,UCSF-PDGM
CASE_E_0405,1,0.04674365371465683,0,GROUP_E_0399,UCSF-PDGM
CASE_E_0434,1,0.7488635778427124,1,GROUP_E_0428,UCSF-PDGM
CASE_E_0234,1,0.05281182751059532,0,GROUP_E_0234,UCSF-PDGM
CASE_E_0401,1,0.9657890200614929,1,GROUP_E_0395,UCSF-PDGM
CASE_E_0286,1,0.004788629245012999,0,GROUP_E_0286,UCSF-PDGM
CASE_E_0181,1,0.06397392600774765,0,GROUP_E_0181,UCSF-PDGM
CASE_E_0372,1,0.9206011891365051,1,GROUP_E_0369,UCSF-PDGM
CASE_E_0489,1,0.9421104788780212,1,GROUP_E_0483,UCSF-PDGM
CASE_E_0438,1,0.9636281728744507,1,GROUP_E_0432,UCSF-PDGM
CASE_E_0322,1,0.06028135120868683,0,GROUP_E_0322,UCSF-PDGM
CASE_E_0490,1,0.9873588681221008,1,GROUP_E_0484,UCSF-PDGM
CASE_E_0026,1,0.4157624840736389,0,GROUP_E_0026,UCSF-PDGM
CASE_E_0450,1,0.8693327307701111,1,GROUP_E_0444,UCSF-PDGM
CASE_E_0201,1,0.6750971078872681,1,GROUP_E_0201,UCSF-PDGM
CASE_E_0236,1,0.9166452884674072,1,GROUP_E_0236,UCSF-PDGM
CASE_E_0477,1,0.6941892504692078,1,GROUP_E_0471,UCSF-PDGM
CASE_E_0138,1,0.6990342140197754,1,GROUP_E_0138,UCSF-PDGM
CASE_E_0104,1,0.008153517730534077,0,GROUP_E_0104,UCSF-PDGM
CASE_E_0206,1,0.8261756896972656,1,GROUP_E_0206,UCSF-PDGM
CASE_E_0232,1,0.5562830567359924,1,GROUP_E_0232,UCSF-PDGM
CASE_E_0202,1,0.41201260685920715,0,GROUP_E_0202,UCSF-PDGM
CASE_E_0400,1,0.9963839054107666,1,GROUP_E_0394,UCSF-PDGM
CASE_E_0211,1,0.0741792842745781,0,GROUP_E_0211,UCSF-PDGM
CASE_E_0245,1,0.30642008781433105,0,GROUP_E_0245,UCSF-PDGM
CASE_E_0078,1,0.9988582134246826,1,GROUP_E_0078,UCSF-PDGM
CASE_E_0227,1,0.5899549126625061,1,GROUP_E_0227,UCSF-PDGM
CASE_E_0449,1,0.8265958428382874,1,GROUP_E_0443,UCSF-PDGM
CASE_E_0384,1,0.49522316455841064,0,GROUP_E_0381,UCSF-PDGM
CASE_E_0222,1,0.6489831209182739,1,GROUP_E_0222,UCSF-PDGM
CASE_E_0148,0,0.042955994606018066,0,GROUP_E_0148,UCSF-PDGM
CASE_E_0064,0,0.024027112871408463,0,GROUP_E_0064,UCSF-PDGM
CASE_E_0317,0,0.01679408550262451,0,GROUP_E_0317,UCSF-PDGM
CASE_E_0112,0,0.024739382788538933,0,GROUP_E_0112,UCSF-PDGM
CASE_E_0344,0,0.005550293251872063,0,GROUP_E_0344,UCSF-PDGM
CASE_E_0303,0,0.0039335330948233604,0,GROUP_E_0303,UCSF-PDGM
CASE_E_0335,0,0.04199901223182678,0,GROUP_E_0335,UCSF-PDGM
CASE_E_0455,0,0.007893605157732964,0,GROUP_E_0449,UCSF-PDGM
CASE_E_0084,0,0.0019137583440169692,0,GROUP_E_0084,UCSF-PDGM
CASE_E_0163,0,0.7481741905212402,1,GROUP_E_0163,UCSF-PDGM
CASE_E_0328,0,0.003457112703472376,0,GROUP_E_0328,UCSF-PDGM
CASE_E_0386,0,0.011181299574673176,0,GROUP_E_0383,UCSF-PDGM
CASE_E_0152,0,0.2818538546562195,0,GROUP_E_0152,UCSF-PDGM
CASE_E_0357,0,0.04196634143590927,0,GROUP_E_0355,UCSF-PDGM
CASE_E_0170,0,0.018133612349629402,0,GROUP_E_0170,UCSF-PDGM
CASE_E_0102,0,0.6039106249809265,1,GROUP_E_0102,UCSF-PDGM
CASE_E_0465,0,0.3358291983604431,0,GROUP_E_0459,UCSF-PDGM
CASE_E_0454,0,0.0045034862123429775,0,GROUP_E_0448,UCSF-PDGM
CASE_E_0376,0,0.0017165289027616382,0,GROUP_E_0373,UCSF-PDGM
CASE_E_0010,0,0.014833315275609493,0,GROUP_E_0010,UCSF-PDGM
CASE_E_0171,0,0.025589659810066223,0,GROUP_E_0171,UCSF-PDGM
CASE_E_0151,0,0.0121612548828125,0,GROUP_E_0151,UCSF-PDGM
CASE_E_0015,0,0.13707999885082245,0,GROUP_E_0015,UCSF-PDGM
CASE_E_0122,0,0.0009111362742260098,0,GROUP_E_0122,UCSF-PDGM
CASE_E_0270,0,0.0012157607125118375,0,GROUP_E_0270,UCSF-PDGM
CASE_E_0158,0,0.0015731595922261477,0,GROUP_E_0158,UCSF-PDGM
CASE_E_0259,0,0.05289536342024803,0,GROUP_E_0259,UCSF-PDGM
CASE_E_0440,0,0.029190998524427414,0,GROUP_E_0434,UCSF-PDGM
CASE_E_0467,0,0.006982910446822643,0,GROUP_E_0461,UCSF-PDGM
CASE_E_0263,0,0.002147020772099495,0,GROUP_E_0263,UCSF-PDGM
CASE_E_0191,0,0.11168598383665085,0,GROUP_E_0191,UCSF-PDGM
CASE_E_0003,0,0.004616297781467438,0,GROUP_E_0003,UCSF-PDGM
CASE_E_0331,0,0.0636262521147728,0,GROUP_E_0331,UCSF-PDGM
CASE_E_0147,0,0.0009960324969142675,0,GROUP_E_0147,UCSF-PDGM
CASE_E_0474,0,0.020670268684625626,0,GROUP_E_0468,UCSF-PDGM
CASE_E_0389,0,0.033639512956142426,0,GROUP_E_0385,UCSF-PDGM
CASE_E_0140,0,0.2883128225803375,0,GROUP_E_0140,UCSF-PDGM
CASE_E_0043,0,0.008593651466071606,0,GROUP_E_0043,UCSF-PDGM
CASE_E_0044,0,0.005437866784632206,0,GROUP_E_0044,UCSF-PDGM
CASE_E_0484,0,0.0764676034450531,0,GROUP_E_0478,UCSF-PDGM
CASE_E_0033,0,0.030489716678857803,0,GROUP_E_0033,UCSF-PDGM
CASE_E_0241,0,0.0007886186358518898,0,GROUP_E_0241,UCSF-PDGM
CASE_E_0468,0,0.001323641394264996,0,GROUP_E_0462,UCSF-PDGM
CASE_E_0195,0,0.015811147168278694,0,GROUP_E_0195,UCSF-PDGM
CASE_E_0423,0,0.07159338891506195,0,GROUP_E_0417,UCSF-PDGM
CASE_E_0371,0,0.032559700310230255,0,GROUP_E_0368,UCSF-PDGM
CASE_E_0254,0,0.16938577592372894,0,GROUP_E_0254,UCSF-PDGM
CASE_E_0046,0,0.007229196839034557,0,GROUP_E_0046,UCSF-PDGM
CASE_E_0127,0,0.0046334597282111645,0,GROUP_E_0127,UCSF-PDGM
CASE_E_0360,0,0.02345978282392025,0,GROUP_E_0358,UCSF-PDGM
CASE_E_0293,0,0.08882500231266022,0,GROUP_E_0293,UCSF-PDGM
CASE_E_0319,0,0.028214775025844574,0,GROUP_E_0319,UCSF-PDGM
CASE_E_0167,0,0.08002172410488129,0,GROUP_E_0167,UCSF-PDGM
CASE_E_0417,0,0.10877463966608047,0,GROUP_E_0411,UCSF-PDGM
CASE_E_0402,0,0.006192749831825495,0,GROUP_E_0396,UCSF-PDGM
CASE_E_0057,0,0.0055852774530649185,0,GROUP_E_0057,UCSF-PDGM
CASE_E_0381,0,0.14390753209590912,0,GROUP_E_0378,UCSF-PDGM
CASE_E_0237,0,0.007103894371539354,0,GROUP_E_0237,UCSF-PDGM
CASE_E_0250,0,0.04233113303780556,0,GROUP_E_0250,UCSF-PDGM
CASE_E_0421,0,0.02373325079679489,0,GROUP_E_0415,UCSF-PDGM
CASE_E_0072,0,0.015377798117697239,0,GROUP_E_0072,UCSF-PDGM
CASE_E_0480,0,0.020807959139347076,0,GROUP_E_0474,UCSF-PDGM
CASE_E_0125,0,0.004270719829946756,0,GROUP_E_0125,UCSF-PDGM
CASE_E_0256,0,0.003102924209088087,0,GROUP_E_0256,UCSF-PDGM
CASE_E_0016,0,0.013593310490250587,0,GROUP_E_0016,UCSF-PDGM
CASE_E_0370,0,0.04010334610939026,0,GROUP_E_0367,UCSF-PDGM
CASE_E_0161,0,0.0012144417269155383,0,GROUP_E_0161,UCSF-PDGM
CASE_E_0341,0,0.02813580632209778,0,GROUP_E_0341,UCSF-PDGM
CASE_E_0269,0,0.0009613888105377555,0,GROUP_E_0269,UCSF-PDGM
CASE_E_0013,0,0.0447014756500721,0,GROUP_E_0013,UCSF-PDGM
CASE_E_0062,0,0.0030950517393648624,0,GROUP_E_0062,UCSF-PDGM
CASE_E_0464,0,0.02559703215956688,0,GROUP_E_0458,UCSF-PDGM
CASE_E_0494,0,0.0004954031901434064,0,GROUP_E_0488,UCSF-PDGM
CASE_E_0315,0,0.2466944307088852,0,GROUP_E_0315,UCSF-PDGM
CASE_E_0425,0,0.9032126069068909,1,GROUP_E_0419,UCSF-PDGM
CASE_E_0342,0,0.0030024584848433733,0,GROUP_E_0342,UCSF-PDGM
CASE_E_0023,0,0.0025518431793898344,0,GROUP_E_0023,UCSF-PDGM
CASE_E_0088,0,0.019304100424051285,0,GROUP_E_0088,UCSF-PDGM
CASE_E_0150,0,0.03726232051849365,0,GROUP_E_0150,UCSF-PDGM
CASE_E_0363,0,0.008406922221183777,0,GROUP_E_0361,UCSF-PDGM
CASE_E_0110,0,0.006832093466073275,0,GROUP_E_0110,UCSF-PDGM
CASE_E_0305,0,0.21923772990703583,0,GROUP_E_0305,UCSF-PDGM
CASE_E_0070,0,0.003677951404824853,0,GROUP_E_0070,UCSF-PDGM
CASE_E_0192,0,0.0015643984079360962,0,GROUP_E_0192,UCSF-PDGM
CASE_E_0100,0,0.022527147084474564,0,GROUP_E_0100,UCSF-PDGM
CASE_E_0488,0,0.0016589768929407,0,GROUP_E_0482,UCSF-PDGM
CASE_E_0325,0,0.010214152745902538,0,GROUP_E_0325,UCSF-PDGM
CASE_E_0289,0,0.17486509680747986,0,GROUP_E_0289,UCSF-PDGM
CASE_E_0470,0,0.1255006343126297,0,GROUP_E_0464,UCSF-PDGM
CASE_E_0407,0,0.10696809738874435,0,GROUP_E_0401,UCSF-PDGM
CASE_E_0105,0,0.021449416875839233,0,GROUP_E_0105,UCSF-PDGM
CASE_E_0089,0,0.08260287344455719,0,GROUP_E_0089,UCSF-PDGM
CASE_E_0038,0,0.0018897687550634146,0,GROUP_E_0038,UCSF-PDGM
CASE_E_0291,0,0.14453710615634918,0,GROUP_E_0291,UCSF-PDGM
CASE_E_0332,0,0.006561930291354656,0,GROUP_E_0332,UCSF-PDGM
CASE_E_0243,0,0.10742796957492828,0,GROUP_E_0243,UCSF-PDGM
CASE_E_0055,0,0.020709244534373283,0,GROUP_E_0055,UCSF-PDGM
CASE_E_0308,0,0.00748899020254612,0,GROUP_E_0308,UCSF-PDGM
CASE_E_0091,0,0.016879340633749962,0,GROUP_E_0091,UCSF-PDGM
CASE_E_0447,0,0.8350940942764282,1,GROUP_E_0441,UCSF-PDGM
CASE_E_0267,0,0.014863112941384315,0,GROUP_E_0267,UCSF-PDGM
CASE_E_0273,0,0.022779366001486778,0,GROUP_E_0273,UCSF-PDGM
CASE_E_0030,0,0.005517603363841772,0,GROUP_E_0030,UCSF-PDGM
CASE_E_0094,0,0.017418431118130684,0,GROUP_E_0094,UCSF-PDGM
CASE_E_0004,0,0.0016514126909896731,0,GROUP_E_0004,UCSF-PDGM
CASE_E_0403,0,0.24319395422935486,0,GROUP_E_0397,UCSF-PDGM
CASE_E_0121,0,0.013202927075326443,0,GROUP_E_0121,UCSF-PDGM
CASE_E_0327,0,0.0054311067797243595,0,GROUP_E_0327,UCSF-PDGM
CASE_E_0345,0,0.15318506956100464,0,GROUP_E_0345,UCSF-PDGM
CASE_E_0362,0,0.3824722170829773,0,GROUP_E_0360,UCSF-PDGM
CASE_E_0027,0,0.00046609793207608163,0,GROUP_E_0027,UCSF-PDGM
CASE_E_0437,0,0.037315770983695984,0,GROUP_E_0431,UCSF-PDGM
CASE_E_0097,0,0.01158831361681223,0,GROUP_E_0097,UCSF-PDGM
CASE_E_0352,0,0.8523889780044556,1,GROUP_E_0351,UCSF-PDGM
CASE_E_0021,0,0.698747992515564,1,GROUP_E_0021,UCSF-PDGM
CASE_E_0288,0,0.09947114437818527,0,GROUP_E_0288,UCSF-PDGM
CASE_E_0387,0,0.027345601469278336,0,GROUP_E_0383,UCSF-PDGM
CASE_E_0499,0,0.0016396326245740056,0,GROUP_E_0493,UCSF-PDGM
CASE_E_0009,0,0.001938236178830266,0,GROUP_E_0009,UCSF-PDGM
CASE_E_0500,1,0.022478947415947914,0,GROUP_E_0494,UCSF-PDGM
CASE_E_0210,1,0.9462928771972656,1,GROUP_E_0210,UCSF-PDGM
CASE_E_0200,1,0.9126835465431213,1,GROUP_E_0200,UCSF-PDGM
CASE_E_0040,1,0.6960086822509766,1,GROUP_E_0040,UCSF-PDGM
CASE_E_0258,1,0.8297472596168518,1,GROUP_E_0258,UCSF-PDGM
CASE_E_0238,1,0.673112154006958,1,GROUP_E_0238,UCSF-PDGM
CASE_E_0115,1,0.5342671275138855,1,GROUP_E_0115,UCSF-PDGM
CASE_E_0216,1,0.7671380043029785,1,GROUP_E_0216,UCSF-PDGM
CASE_E_0442,1,0.01856888458132744,0,GROUP_E_0436,UCSF-PDGM
CASE_E_0406,1,0.029240870848298073,0,GROUP_E_0400,UCSF-PDGM
CASE_E_0398,1,0.8701068758964539,1,GROUP_E_0392,UCSF-PDGM
CASE_E_0248,1,0.014672931283712387,0,GROUP_E_0248,UCSF-PDGM
CASE_E_0220,1,0.7657618522644043,1,GROUP_E_0220,UCSF-PDGM
CASE_E_0218,1,0.9385926723480225,1,GROUP_E_0218,UCSF-PDGM
CASE_E_0264,1,0.9836015105247498,1,GROUP_E_0264,UCSF-PDGM
CASE_E_0279,1,0.9701059460639954,1,GROUP_E_0279,UCSF-PDGM
CASE_E_0182,1,0.6617536544799805,1,GROUP_E_0182,UCSF-PDGM
CASE_E_0108,1,0.8631168007850647,1,GROUP_E_0108,UCSF-PDGM
CASE_E_0391,1,0.9635501503944397,1,GROUP_E_0386,UCSF-PDGM
CASE_E_0459,1,0.7027344703674316,1,GROUP_E_0453,UCSF-PDGM
CASE_E_0435,1,0.8264455199241638,1,GROUP_E_0429,UCSF-PDGM
CASE_E_0224,1,0.0926128551363945,0,GROUP_E_0224,UCSF-PDGM
CASE_E_0205,1,0.7489202618598938,1,GROUP_E_0205,UCSF-PDGM
CASE_E_0095,1,0.23462536931037903,0,GROUP_E_0095,UCSF-PDGM
CASE_E_0399,1,0.8800324201583862,1,GROUP_E_0393,UCSF-PDGM
CASE_E_0249,1,0.792127788066864,1,GROUP_E_0249,UCSF-PDGM
CASE_E_0199,1,0.997313916683197,1,GROUP_E_0199,UCSF-PDGM
CASE_E_0217,1,0.6223793625831604,1,GROUP_E_0217,UCSF-PDGM
CASE_E_0262,1,0.42237263917922974,0,GROUP_E_0262,UCSF-PDGM
CASE_E_0209,1,0.8178256154060364,1,GROUP_E_0209,UCSF-PDGM
CASE_E_0215,1,0.6519871354103088,1,GROUP_E_0215,UCSF-PDGM
CASE_E_0017,1,0.7339872717857361,1,GROUP_E_0017,UCSF-PDGM
CASE_E_0212,1,0.37972700595855713,0,GROUP_E_0212,UCSF-PDGM
CASE_E_0155,1,0.6038318276405334,1,GROUP_E_0155,UCSF-PDGM
CASE_E_0261,1,0.028050187975168228,0,GROUP_E_0261,UCSF-PDGM
CASE_E_0223,1,0.8032900094985962,1,GROUP_E_0223,UCSF-PDGM
CASE_E_0445,1,0.010052027180790901,0,GROUP_E_0439,UCSF-PDGM
CASE_E_0252,1,0.7219866514205933,1,GROUP_E_0252,UCSF-PDGM
CASE_E_0433,1,0.8569736480712891,1,GROUP_E_0427,UCSF-PDGM
CASE_E_0196,1,0.3828456997871399,0,GROUP_E_0196,UCSF-PDGM
CASE_E_0198,1,0.9978981018066406,1,GROUP_E_0198,UCSF-PDGM
CASE_E_0213,1,0.01737784408032894,0,GROUP_E_0213,UCSF-PDGM
CASE_E_0461,1,0.9095763564109802,1,GROUP_E_0455,UCSF-PDGM
CASE_E_0229,1,0.09109611064195633,0,GROUP_E_0229,UCSF-PDGM
CASE_E_0231,1,0.779293417930603,1,GROUP_E_0231,UCSF-PDGM
CASE_E_0039,1,0.13364467024803162,0,GROUP_E_0039,UCSF-PDGM
CASE_E_0063,1,0.02668466418981552,0,GROUP_E_0063,UCSF-PDGM
CASE_E_0225,1,0.026379823684692383,0,GROUP_E_0225,UCSF-PDGM
CASE_E_0129,1,0.030163172632455826,0,GROUP_E_0129,UCSF-PDGM
CASE_E_0203,1,0.6676068305969238,1,GROUP_E_0203,UCSF-PDGM
CASE_E_0168,1,0.6405178904533386,1,GROUP_E_0168,UCSF-PDGM
CASE_E_0260,1,0.008682459592819214,0,GROUP_E_0260,UCSF-PDGM
CASE_E_0204,1,0.0023896086495369673,0,GROUP_E_0204,UCSF-PDGM
CASE_E_0221,1,0.8873584866523743,1,GROUP_E_0221,UCSF-PDGM
CASE_E_0364,1,0.830184817314148,1,GROUP_E_0362,UCSF-PDGM
CASE_E_0429,1,0.32739779353141785,0,GROUP_E_0423,UCSF-PDGM
CASE_E_0436,1,0.15569238364696503,0,GROUP_E_0430,UCSF-PDGM
CASE_E_0257,1,0.12414729595184326,0,GROUP_E_0257,UCSF-PDGM
CASE_E_0230,1,0.2225838452577591,0,GROUP_E_0230,UCSF-PDGM
CASE_E_0226,1,0.3101501762866974,0,GROUP_E_0226,UCSF-PDGM
CASE_E_0420,1,0.9259356260299683,1,GROUP_E_0414,UCSF-PDGM
CASE_E_0144,1,0.5909424424171448,1,GROUP_E_0144,UCSF-PDGM
CASE_E_0197,1,0.8482022285461426,1,GROUP_E_0197,UCSF-PDGM
CASE_E_0495,1,0.8380885124206543,1,GROUP_E_0489,UCSF-PDGM
CASE_E_0281,1,0.2831856310367584,0,GROUP_E_0281,UCSF-PDGM
CASE_E_0404,1,0.9442954659461975,1,GROUP_E_0398,UCSF-PDGM
CASE_E_0207,1,0.9168762564659119,1,GROUP_E_0207,UCSF-PDGM
CASE_E_0052,1,0.6456840634346008,1,GROUP_E_0052,UCSF-PDGM
CASE_E_0397,1,0.34595754742622375,0,GROUP_E_0391,UCSF-PDGM
CASE_E_0208,1,0.15897680819034576,0,GROUP_E_0208,UCSF-PDGM
CASE_E_0491,1,0.5904742479324341,1,GROUP_E_0485,UCSF-PDGM
CASE_E_0244,1,0.17326632142066956,0,GROUP_E_0244,UCSF-PDGM
CASE_E_0265,1,0.17268197238445282,0,GROUP_E_0265,UCSF-PDGM
CASE_E_0444,0,0.010557002387940884,0,GROUP_E_0438,UCSF-PDGM
CASE_E_0178,0,0.0093702282756567,0,GROUP_E_0178,UCSF-PDGM
CASE_E_0323,0,0.026613332331180573,0,GROUP_E_0323,UCSF-PDGM
CASE_E_0128,0,0.11528317630290985,0,GROUP_E_0128,UCSF-PDGM
CASE_E_0282,0,0.01621355302631855,0,GROUP_E_0282,UCSF-PDGM
CASE_E_0346,0,0.07017786800861359,0,GROUP_E_0346,UCSF-PDGM
CASE_E_0086,0,0.028638307005167007,0,GROUP_E_0086,UCSF-PDGM
CASE_E_0481,0,0.028082558885216713,0,GROUP_E_0475,UCSF-PDGM
CASE_E_0316,0,0.016424788162112236,0,GROUP_E_0316,UCSF-PDGM
CASE_E_0326,0,0.010299460031092167,0,GROUP_E_0326,UCSF-PDGM
CASE_E_0396,0,0.06303608417510986,0,GROUP_E_0390,UCSF-PDGM
CASE_E_0134,0,0.016366498544812202,0,GROUP_E_0134,UCSF-PDGM
CASE_E_0146,0,0.01025441661477089,0,GROUP_E_0146,UCSF-PDGM
CASE_E_0492,0,0.0020304094068706036,0,GROUP_E_0486,UCSF-PDGM
CASE_E_0069,0,0.0014840016374364495,0,GROUP_E_0069,UCSF-PDGM
CASE_E_0074,0,0.018721286207437515,0,GROUP_E_0074,UCSF-PDGM
CASE_E_0036,0,0.0029160494450479746,0,GROUP_E_0036,UCSF-PDGM
CASE_E_0353,0,0.5726820826530457,1,GROUP_E_0351,UCSF-PDGM
CASE_E_0035,0,0.006249374244362116,0,GROUP_E_0035,UCSF-PDGM
CASE_E_0037,0,0.013592050410807133,0,GROUP_E_0037,UCSF-PDGM
CASE_E_0059,0,0.006294788792729378,0,GROUP_E_0059,UCSF-PDGM
CASE_E_0081,0,0.023533931002020836,0,GROUP_E_0081,UCSF-PDGM
CASE_E_0137,0,0.007582399062812328,0,GROUP_E_0137,UCSF-PDGM
CASE_E_0496,0,0.006393596064299345,0,GROUP_E_0490,UCSF-PDGM
CASE_E_0019,0,0.014937582425773144,0,GROUP_E_0019,UCSF-PDGM
CASE_E_0501,0,0.009103277698159218,0,GROUP_E_0495,UCSF-PDGM
CASE_E_0456,0,0.04010531306266785,0,GROUP_E_0450,UCSF-PDGM
CASE_E_0469,0,0.029260339215397835,0,GROUP_E_0463,UCSF-PDGM
CASE_E_0277,0,0.07155448198318481,0,GROUP_E_0277,UCSF-PDGM
CASE_E_0174,0,0.28846248984336853,0,GROUP_E_0174,UCSF-PDGM
CASE_E_0028,0,0.8421381711959839,1,GROUP_E_0028,UCSF-PDGM
CASE_E_0451,0,0.005119482055306435,0,GROUP_E_0445,UCSF-PDGM
CASE_E_0162,0,0.036429841071367264,0,GROUP_E_0162,UCSF-PDGM
CASE_E_0340,0,0.062404777854681015,0,GROUP_E_0340,UCSF-PDGM
CASE_E_0336,0,0.005054743494838476,0,GROUP_E_0336,UCSF-PDGM
CASE_E_0458,0,0.009020773693919182,0,GROUP_E_0452,UCSF-PDGM
CASE_E_0048,0,0.00838236790150404,0,GROUP_E_0048,UCSF-PDGM
CASE_E_0441,0,0.06590435653924942,0,GROUP_E_0435,UCSF-PDGM
CASE_E_0145,0,0.12272152304649353,0,GROUP_E_0145,UCSF-PDGM
CASE_E_0367,0,0.538404643535614,1,GROUP_E_0364,UCSF-PDGM
CASE_E_0194,0,0.0027379365637898445,0,GROUP_E_0194,UCSF-PDGM
CASE_E_0139,0,0.033676404505968094,0,GROUP_E_0139,UCSF-PDGM
CASE_E_0413,0,0.0008421550737693906,0,GROUP_E_0407,UCSF-PDGM
CASE_E_0298,0,0.04428749904036522,0,GROUP_E_0298,UCSF-PDGM
CASE_E_0385,0,0.16531667113304138,0,GROUP_E_0382,UCSF-PDGM
CASE_E_0432,0,0.009824417531490326,0,GROUP_E_0426,UCSF-PDGM
CASE_E_0304,0,0.05732674151659012,0,GROUP_E_0304,UCSF-PDGM
CASE_E_0053,0,0.02438497357070446,0,GROUP_E_0053,UCSF-PDGM
CASE_E_0443,0,0.008653298951685429,0,GROUP_E_0437,UCSF-PDGM
CASE_E_0486,0,0.003680118592455983,0,GROUP_E_0480,UCSF-PDGM
CASE_E_0180,0,0.004666253924369812,0,GROUP_E_0180,UCSF-PDGM
CASE_E_0061,0,0.0018832002533599734,0,GROUP_E_0061,UCSF-PDGM
CASE_E_0159,0,0.00738211115822196,0,GROUP_E_0159,UCSF-PDGM
CASE_E_0410,0,0.025401048362255096,0,GROUP_E_0404,UCSF-PDGM
CASE_E_0079,0,0.007105768192559481,0,GROUP_E_0079,UCSF-PDGM
CASE_E_0184,0,0.22546690702438354,0,GROUP_E_0184,UCSF-PDGM
CASE_E_0430,0,0.0010576366912573576,0,GROUP_E_0424,UCSF-PDGM
CASE_E_0479,0,0.005968377459794283,0,GROUP_E_0473,UCSF-PDGM
CASE_E_0422,0,0.0347578339278698,0,GROUP_E_0416,UCSF-PDGM
CASE_E_0051,0,0.0016513121081516147,0,GROUP_E_0051,UCSF-PDGM
CASE_E_0452,0,0.32522282004356384,0,GROUP_E_0446,UCSF-PDGM
CASE_E_0042,0,0.012324579060077667,0,GROUP_E_0042,UCSF-PDGM
CASE_E_0276,0,0.011474339291453362,0,GROUP_E_0276,UCSF-PDGM
CASE_E_0239,0,0.012132622301578522,0,GROUP_E_0239,UCSF-PDGM
CASE_E_0124,0,0.007884095422923565,0,GROUP_E_0124,UCSF-PDGM
CASE_E_0008,0,0.03788862004876137,0,GROUP_E_0008,UCSF-PDGM
CASE_E_0320,0,0.01868491806089878,0,GROUP_E_0320,UCSF-PDGM
CASE_E_0314,0,0.02008662186563015,0,GROUP_E_0314,UCSF-PDGM
CASE_E_0275,0,0.06661921739578247,0,GROUP_E_0275,UCSF-PDGM
CASE_E_0311,0,0.04453657194972038,0,GROUP_E_0311,UCSF-PDGM
CASE_E_0412,0,0.0026188006158918142,0,GROUP_E_0406,UCSF-PDGM
CASE_E_0157,0,0.01711217872798443,0,GROUP_E_0157,UCSF-PDGM
CASE_E_0333,0,0.9800890684127808,1,GROUP_E_0333,UCSF-PDGM
CASE_E_0482,0,0.6560395956039429,1,GROUP_E_0476,UCSF-PDGM
CASE_E_0022,0,0.03910037502646446,0,GROUP_E_0022,UCSF-PDGM
CASE_E_0071,0,0.03321438655257225,0,GROUP_E_0071,UCSF-PDGM
CASE_E_0114,0,0.004075710661709309,0,GROUP_E_0114,UCSF-PDGM
CASE_E_0300,0,0.021434349939227104,0,GROUP_E_0300,UCSF-PDGM
CASE_E_0334,0,0.3266531825065613,0,GROUP_E_0334,UCSF-PDGM
CASE_E_0165,0,0.006066931411623955,0,GROUP_E_0165,UCSF-PDGM
CASE_E_0462,0,0.0032279707957059145,0,GROUP_E_0456,UCSF-PDGM
CASE_E_0142,0,0.02145787701010704,0,GROUP_E_0142,UCSF-PDGM
CASE_E_0136,0,0.010277769528329372,0,GROUP_E_0136,UCSF-PDGM
CASE_E_0473,0,0.007187211886048317,0,GROUP_E_0467,UCSF-PDGM
CASE_E_0374,0,0.0008529022452421486,0,GROUP_E_0371,UCSF-PDGM
CASE_E_0471,0,0.3179974853992462,0,GROUP_E_0465,UCSF-PDGM
CASE_E_0076,0,0.0019449188839644194,0,GROUP_E_0076,UCSF-PDGM
CASE_E_0466,0,0.004802229348570108,0,GROUP_E_0460,UCSF-PDGM
CASE_E_0246,0,0.0827532485127449,0,GROUP_E_0246,UCSF-PDGM
CASE_E_0463,0,0.004388286266475916,0,GROUP_E_0457,UCSF-PDGM
CASE_E_0416,0,0.01072676945477724,0,GROUP_E_0410,UCSF-PDGM
CASE_E_0349,0,0.0171002596616745,0,GROUP_E_0348,UCSF-PDGM
CASE_E_0050,0,0.011617598123848438,0,GROUP_E_0050,UCSF-PDGM
CASE_E_0338,0,0.013192884624004364,0,GROUP_E_0338,UCSF-PDGM
CASE_E_0321,0,0.00987992063164711,0,GROUP_E_0321,UCSF-PDGM
CASE_E_0268,0,0.03132280334830284,0,GROUP_E_0268,UCSF-PDGM
CASE_E_0394,0,0.0020706839859485626,0,GROUP_E_0388,UCSF-PDGM
CASE_E_0354,0,0.0008071043994277716,0,GROUP_E_0352,UCSF-PDGM
CASE_E_0107,0,0.0051212795078754425,0,GROUP_E_0107,UCSF-PDGM
CASE_E_0214,0,0.23098909854888916,0,GROUP_E_0214,UCSF-PDGM
CASE_E_0498,0,0.8642670512199402,1,GROUP_E_0492,UCSF-PDGM
CASE_E_0219,0,0.36033424735069275,0,GROUP_E_0219,UCSF-PDGM
CASE_E_0141,0,0.0017571109347045422,0,GROUP_E_0141,UCSF-PDGM
CASE_E_0296,0,0.032923463732004166,0,GROUP_E_0296,UCSF-PDGM
CASE_E_0358,0,0.0072771902196109295,0,GROUP_E_0356,UCSF-PDGM
CASE_E_0271,0,0.011177514679729939,0,GROUP_E_0271,UCSF-PDGM
CASE_E_0173,0,0.015337173826992512,0,GROUP_E_0173,UCSF-PDGM
CASE_E_0483,0,0.14397822320461273,0,GROUP_E_0477,UCSF-PDGM
CASE_E_0118,0,0.2509284019470215,0,GROUP_E_0118,UCSF-PDGM
CASE_E_0075,0,0.008034836500883102,0,GROUP_E_0075,UCSF-PDGM
CASE_E_0329,0,0.02913944236934185,0,GROUP_E_0329,UCSF-PDGM
CASE_E_0082,0,0.00037574939779005945,0,GROUP_E_0082,UCSF-PDGM
CASE_E_0188,0,0.002695334143936634,0,GROUP_E_0188,UCSF-PDGM
CASE_E_0058,0,0.016366945579648018,0,GROUP_E_0058,UCSF-PDGM
CASE_E_0099,0,0.05014852434396744,0,GROUP_E_0099,UCSF-PDGM
CASE_E_0001,0,0.0008638703729957342,0,GROUP_E_0001,UCSF-PDGM
CASE_E_0297,0,0.002152537927031517,0,GROUP_E_0297,UCSF-PDGM
CASE_E_0190,0,0.009999498724937439,0,GROUP_E_0190,UCSF-PDGM
CASE_E_0045,0,0.9201773405075073,1,GROUP_E_0045,UCSF-PDGM
CASE_E_0337,0,0.002847028663381934,0,GROUP_E_0337,UCSF-PDGM
CASE_E_0054,0,0.04404103010892868,0,GROUP_E_0054,UCSF-PDGM
CASE_E_0379,0,0.009352179244160652,0,GROUP_E_0376,UCSF-PDGM
CASE_E_0388,0,0.058350905776023865,0,GROUP_E_0384,UCSF-PDGM
CASE_E_0103,0,0.013692550361156464,0,GROUP_E_0103,UCSF-PDGM
CASE_E_0415,0,0.18744663894176483,0,GROUP_E_0409,UCSF-PDGM
CASE_E_0172,0,0.00430027861148119,0,GROUP_E_0172,UCSF-PDGM
CASE_E_0092,0,0.0035794402938336134,0,GROUP_E_0092,UCSF-PDGM
CASE_E_0073,0,0.017375411465764046,0,GROUP_E_0073,UCSF-PDGM
CASE_E_0189,0,0.0036059936974197626,0,GROUP_E_0189,UCSF-PDGM
CASE_E_0083,0,0.001782474690116942,0,GROUP_E_0083,UCSF-PDGM
CASE_E_0186,0,0.02496097981929779,0,GROUP_E_0186,UCSF-PDGM
CASE_E_0361,0,0.015664780512452126,0,GROUP_E_0359,UCSF-PDGM
CASE_E_0301,0,0.005675849970430136,0,GROUP_E_0301,UCSF-PDGM
CASE_E_0439,0,0.0006012619705870748,0,GROUP_E_0433,UCSF-PDGM
CASE_E_0077,0,0.025591295212507248,0,GROUP_E_0077,UCSF-PDGM
CASE_E_0472,0,0.0034434746485203505,0,GROUP_E_0466,UCSF-PDGM
CASE_E_0418,0,0.017034949734807014,0,GROUP_E_0412,UCSF-PDGM
CASE_E_0343,0,0.28335726261138916,0,GROUP_E_0343,UCSF-PDGM
CASE_E_0347,0,0.03149306774139404,0,GROUP_E_0346,UCSF-PDGM
CASE_E_0085,0,0.07580661028623581,0,GROUP_E_0085,UCSF-PDGM
CASE_E_0117,0,0.01406175084412098,0,GROUP_E_0117,UCSF-PDGM
CASE_E_0359,0,0.007229138631373644,0,GROUP_E_0357,UCSF-PDGM
CASE_E_0350,0,0.00627126032486558,0,GROUP_E_0349,UCSF-PDGM
CASE_E_0047,0,0.04560805857181549,0,GROUP_E_0047,UCSF-PDGM
CASE_E_0111,0,0.04558075591921806,0,GROUP_E_0111,UCSF-PDGM
CASE_E_0065,0,0.01661156676709652,0,GROUP_E_0065,UCSF-PDGM
CASE_E_0242,0,0.04590054973959923,0,GROUP_E_0242,UCSF-PDGM
CASE_E_0067,0,0.0027994944248348475,0,GROUP_E_0067,UCSF-PDGM
CASE_E_0255,0,0.001873161643743515,0,GROUP_E_0255,UCSF-PDGM
CASE_E_0411,0,0.35893696546554565,0,GROUP_E_0405,UCSF-PDGM
CASE_E_0324,0,0.01605278067290783,0,GROUP_E_0324,UCSF-PDGM
CASE_E_0392,0,0.002291669137775898,0,GROUP_E_0387,UCSF-PDGM
CASE_E_0034,0,0.04279978573322296,0,GROUP_E_0034,UCSF-PDGM
CASE_E_0179,0,0.0007876472664065659,0,GROUP_E_0179,UCSF-PDGM
CASE_E_0060,0,0.01750630885362625,0,GROUP_E_0060,UCSF-PDGM
CASE_E_0175,0,0.0022232935298234224,0,GROUP_E_0175,UCSF-PDGM
CASE_E_0012,0,0.2831327021121979,0,GROUP_E_0012,UCSF-PDGM
CASE_E_0032,0,0.005521312355995178,0,GROUP_E_0032,UCSF-PDGM
CASE_E_0029,0,0.055191319435834885,0,GROUP_E_0029,UCSF-PDGM
CASE_E_0011,0,0.03023834154009819,0,GROUP_E_0011,UCSF-PDGM
CASE_E_0233,0,0.28457561135292053,0,GROUP_E_0233,UCSF-PDGM
CASE_E_0093,0,0.055160924792289734,0,GROUP_E_0093,UCSF-PDGM
CASE_E_0453,0,0.04005729407072067,0,GROUP_E_0447,UCSF-PDGM
CASE_E_0395,0,0.0735088586807251,0,GROUP_E_0389,UCSF-PDGM
CASE_E_0247,0,0.052996739745140076,0,GROUP_E_0247,UCSF-PDGM
CASE_E_0393,0,0.007995435036718845,0,GROUP_E_0387,UCSF-PDGM
CASE_E_0294,0,0.046532656997442245,0,GROUP_E_0294,UCSF-PDGM
CASE_E_0487,0,0.0071999612264335155,0,GROUP_E_0481,UCSF-PDGM
CASE_E_0266,0,0.010295849293470383,0,GROUP_E_0266,UCSF-PDGM
CASE_E_0368,0,0.06902705132961273,0,GROUP_E_0365,UCSF-PDGM
CASE_E_0426,0,0.010583891533315182,0,GROUP_E_0420,UCSF-PDGM
CASE_E_0106,0,0.0068437582813203335,0,GROUP_E_0106,UCSF-PDGM
CASE_E_0130,0,0.0010935860918834805,0,GROUP_E_0130,UCSF-PDGM
CASE_E_0005,0,0.08489348739385605,0,GROUP_E_0005,UCSF-PDGM
CASE_E_0409,0,0.02189706265926361,0,GROUP_E_0403,UCSF-PDGM
CASE_E_0446,0,0.023787586018443108,0,GROUP_E_0440,UCSF-PDGM
CASE_E_0096,0,0.12765009701251984,0,GROUP_E_0096,UCSF-PDGM
CASE_E_0485,0,0.003603149438276887,0,GROUP_E_0479,UCSF-PDGM
CASE_E_0006,0,0.3545207381248474,0,GROUP_E_0006,UCSF-PDGM
CASE_E_0131,0,0.0007863382343202829,0,GROUP_E_0131,UCSF-PDGM
CASE_E_0307,0,0.0029373359866440296,0,GROUP_E_0307,UCSF-PDGM
CASE_E_0101,0,0.007725505158305168,0,GROUP_E_0101,UCSF-PDGM
CASE_E_0119,0,0.01651046797633171,0,GROUP_E_0119,UCSF-PDGM
CASE_E_0283,0,0.004294377751648426,0,GROUP_E_0283,UCSF-PDGM
CASE_E_0014,0,0.015768613666296005,0,GROUP_E_0014,UCSF-PDGM
CASE_E_0132,0,0.05817312002182007,0,GROUP_E_0132,UCSF-PDGM
CASE_E_0185,0,0.020353496074676514,0,GROUP_E_0185,UCSF-PDGM
CASE_E_0356,0,0.04886487126350403,0,GROUP_E_0354,UCSF-PDGM
CASE_E_0135,0,0.0014698404120281339,0,GROUP_E_0135,UCSF-PDGM
CASE_E_0113,0,0.018577784299850464,0,GROUP_E_0113,UCSF-PDGM
CASE_E_0149,0,0.3116079866886139,0,GROUP_E_0149,UCSF-PDGM
CASE_E_0302,0,0.003961062058806419,0,GROUP_E_0302,UCSF-PDGM
CASE_E_0290,0,0.7168889045715332,1,GROUP_E_0290,UCSF-PDGM
CASE_E_0375,0,0.10234121233224869,0,GROUP_E_0372,UCSF-PDGM
CASE_E_0090,0,0.014753138646483421,0,GROUP_E_0090,UCSF-PDGM
CASE_E_0309,0,0.0030224581714719534,0,GROUP_E_0309,UCSF-PDGM
CASE_E_0460,0,0.03458317741751671,0,GROUP_E_0454,UCSF-PDGM
CASE_E_0183,0,0.04906568303704262,0,GROUP_E_0183,UCSF-PDGM
CASE_E_0285,0,0.07649663090705872,0,GROUP_E_0285,UCSF-PDGM
CASE_E_0414,0,0.009936117567121983,0,GROUP_E_0408,UCSF-PDGM
CASE_E_0087,0,0.019487282261252403,0,GROUP_E_0087,UCSF-PDGM
CASE_E_0475,0,0.09855636954307556,0,GROUP_E_0469,UCSF-PDGM
CASE_E_0176,0,0.002129307249560952,0,GROUP_E_0176,UCSF-PDGM
CASE_E_0457,0,0.10307807475328445,0,GROUP_E_0451,UCSF-PDGM
CASE_E_0166,0,0.01345574390143156,0,GROUP_E_0166,UCSF-PDGM
CASE_E_0351,0,0.0023461226373910904,0,GROUP_E_0350,UCSF-PDGM
CASE_E_0169,0,0.4669357240200043,0,GROUP_E_0169,UCSF-PDGM
CASE_E_0295,0,0.013426202349364758,0,GROUP_E_0295,UCSF-PDGM
CASE_E_0153,0,0.0027447098400443792,0,GROUP_E_0153,UCSF-PDGM
CASE_E_0007,0,0.006152487825602293,0,GROUP_E_0007,UCSF-PDGM
CASE_E_0278,0,0.0005931860650889575,0,GROUP_E_0278,UCSF-PDGM
CASE_E_0448,0,0.01579486019909382,0,GROUP_E_0442,UCSF-PDGM
CASE_E_0002,0,0.004630346316844225,0,GROUP_E_0002,UCSF-PDGM
CASE_E_0373,0,0.10304655134677887,0,GROUP_E_0370,UCSF-PDGM
CASE_E_0041,0,0.012330674566328526,0,GROUP_E_0041,UCSF-PDGM
CASE_E_0431,0,0.9121502637863159,1,GROUP_E_0425,UCSF-PDGM
CASE_E_0143,0,0.9307392835617065,1,GROUP_E_0143,UCSF-PDGM
CASE_E_0348,0,0.0905880331993103,0,GROUP_E_0347,UCSF-PDGM
CASE_E_0098,0,0.006479119416326284,0,GROUP_E_0098,UCSF-PDGM
CASE_E_0366,0,0.10643768310546875,0,GROUP_E_0363,UCSF-PDGM
CASE_E_0164,0,0.06060425937175751,0,GROUP_E_0164,UCSF-PDGM
CASE_E_0133,0,0.0059195030480623245,0,GROUP_E_0133,UCSF-PDGM
CASE_E_0355,0,0.051861200481653214,0,GROUP_E_0353,UCSF-PDGM
CASE_E_0020,0,0.007637654896825552,0,GROUP_E_0020,UCSF-PDGM
CASE_E_0378,0,0.0007531041628681123,0,GROUP_E_0375,UCSF-PDGM
CASE_E_0056,0,0.6350666284561157,1,GROUP_E_0056,UCSF-PDGM
CASE_E_0025,0,0.01525095570832491,0,GROUP_E_0025,UCSF-PDGM
CASE_E_0313,0,0.054128509014844894,0,GROUP_E_0313,UCSF-PDGM
CASE_E_0380,0,0.005174766294658184,0,GROUP_E_0377,UCSF-PDGM
CASE_E_0187,0,0.005679181776940823,0,GROUP_E_0187,UCSF-PDGM
CASE_E_0383,0,0.016010206192731857,0,GROUP_E_0380,UCSF-PDGM
CASE_E_0312,0,0.5484277009963989,1,GROUP_E_0312,UCSF-PDGM
CASE_E_0365,0,0.029309652745723724,0,GROUP_E_0363,UCSF-PDGM
CASE_E_0120,0,0.023674389347434044,0,GROUP_E_0120,UCSF-PDGM
CASE_E_0066,0,0.00024763011606410146,0,GROUP_E_0066,UCSF-PDGM
CASE_E_0478,0,0.5505378246307373,1,GROUP_E_0472,UCSF-PDGM
CASE_E_0193,0,0.014151182025671005,0,GROUP_E_0193,UCSF-PDGM
CASE_E_0390,0,0.037200115621089935,0,GROUP_E_0385,UCSF-PDGM
CASE_E_0049,0,0.10412944853305817,0,GROUP_E_0049,UCSF-PDGM
CASE_E_0377,0,0.09143389761447906,0,GROUP_E_0374,UCSF-PDGM
CASE_E_0382,0,0.026505721732974052,0,GROUP_E_0379,UCSF-PDGM
CASE_E_0251,0,0.015105375088751316,0,GROUP_E_0251,UCSF-PDGM
CASE_E_0080,0,0.0036834210623055696,0,GROUP_E_0080,UCSF-PDGM
CASE_E_0292,0,0.021825848147273064,0,GROUP_E_0292,UCSF-PDGM
CASE_E_0493,0,0.8252965807914734,1,GROUP_E_0487,UCSF-PDGM
CASE_E_0476,0,0.06202370673418045,0,GROUP_E_0470,UCSF-PDGM
CASE_E_0299,0,0.0015254600439220667,0,GROUP_E_0299,UCSF-PDGM
CASE_E_0024,0,0.008917931467294693,0,GROUP_E_0024,UCSF-PDGM
CASE_E_0031,0,0.008039053529500961,0,GROUP_E_0031,UCSF-PDGM
CASE_E_0160,0,0.004109014291316271,0,GROUP_E_0160,UCSF-PDGM
CASE_E_0318,0,0.0014303132193163037,0,GROUP_E_0318,UCSF-PDGM
CASE_E_0068,0,0.008260000497102737,0,GROUP_E_0068,UCSF-PDGM
CASE_E_0339,0,0.0030795172788202763,0,GROUP_E_0339,UCSF-PDGM
CASE_E_0240,0,0.03737499564886093,0,GROUP_E_0240,UCSF-PDGM
CASE_E_0154,0,0.026705021038651466,0,GROUP_E_0154,UCSF-PDGM
CASE_E_0253,0,0.05564774572849274,0,GROUP_E_0253,UCSF-PDGM
CASE_E_0424,0,0.0009964025812223554,0,GROUP_E_0418,UCSF-PDGM
CASE_E_0156,0,0.02935967408120632,0,GROUP_E_0156,UCSF-PDGM
CASE_E_0116,0,0.00397308636456728,0,GROUP_E_0116,UCSF-PDGM
CASE_E_0018,0,0.007912103086709976,0,GROUP_E_0018,UCSF-PDGM
CASE_E_0126,0,0.010816401802003384,0,GROUP_E_0126,UCSF-PDGM
CASE_E_0109,0,0.020316781476140022,0,GROUP_E_0109,UCSF-PDGM
CASE_E_0306,0,0.0016001459443941712,0,GROUP_E_0306,UCSF-PDGM
CASE_E_0274,0,0.9847159385681152,1,GROUP_E_0274,UCSF-PDGM
CASE_E_0235,0,0.02537192963063717,0,GROUP_E_0235,UCSF-PDGM
CASE_E_0369,0,0.014805690385401249,0,GROUP_E_0366,UCSF-PDGM
CASE_E_0419,0,0.005642057862132788,0,GROUP_E_0413,UCSF-PDGM
CASE_E_0330,0,0.3522387146949768,0,GROUP_E_0330,UCSF-PDGM
CASE_E_0280,0,0.035984378308057785,0,GROUP_E_0280,UCSF-PDGM
CASE_E_0408,0,0.11861813068389893,0,GROUP_E_0402,UCSF-PDGM
CASE_E_0177,0,0.23049883544445038,0,GROUP_E_0177,UCSF-PDGM
CASE_E_0310,0,0.2570105195045471,0,GROUP_E_0310,UCSF-PDGM
CASE_E_0427,0,0.005487678572535515,0,GROUP_E_0421,UCSF-PDGM
CASE_E_0123,0,0.003136132378131151,0,GROUP_E_0123,UCSF-PDGM
CASE_E_0284,0,0.9795555472373962,1,GROUP_E_0284,UCSF-PDGM
CASE_E_0287,0,0.0009759545791894197,0,GROUP_E_0287,UCSF-PDGM
CASE_E_0272,0,0.085319884121418,0,GROUP_E_0272,UCSF-PDGM
CASE_E_0497,0,0.07036030292510986,0,GROUP_E_0491,UCSF-PDGM
CASE_E_0228,0,0.02348322793841362,0,GROUP_E_0228,UCSF-PDGM
