cohort,model,display_name,metric,status,reason,estimate,ci_low,ci_high,valid_bootstrap,bootstrap_replicates,seed,n_records,n_patients,warning
Internal,Ours,Ours (FinalVersion 2026-06-01),ACC,valid,,0.9447852760736196,0.9079754601226994,0.9754601226993865,20000,20000,20260920,163,163,
Internal,Ours,Ours (FinalVersion 2026-06-01),AUC,valid,,0.9400386847195358,0.8810444874274661,0.9842037395228884,20000,20000,20260920,163,163,
Internal,Ours,Ours (FinalVersion 2026-06-01),Specificity,valid,,0.9787234042553191,0.950354609929078,1.0,20000,20000,20260920,163,163,
Internal,Ours,Ours (FinalVersion 2026-06-01),Sensitivity,valid,,0.7272727272727273,0.5454545454545454,0.9090909090909091,20000,20000,20260920,163,163,
Internal,Ours,Ours (FinalVersion 2026-06-01),BA,valid,,0.8529980657640233,0.754996776273372,0.9439071566731141,20000,20000,20260920,163,163,
Internal,Ours,Ours (FinalVersion 2026-06-01),PPV,valid,,0.8421052631578947,0.6842105263157895,1.0,20000,20000,20260920,163,163,
Internal,Ours,Ours (FinalVersion 2026-06-01),NPV,valid,,0.9583333333333334,0.9315068493150684,0.9857142857142858,20000,20000,20260920,163,163,
Internal,Ours,Ours (FinalVersion 2026-06-01),F1,valid,,0.7804878048780488,0.6285714285714286,0.9047619047619048,20000,20000,20260920,163,163,
Internal,Ours,Ours (FinalVersion 2026-06-01),AP,valid,,0.7970162430792794,0.6521179659298508,0.9325265151177307,20000,20000,20260920,163,163,
Internal,EViT,EViT-Small,ACC,valid,,0.9202453987730062,0.8773006134969326,0.9570552147239264,20000,20000,20260920,163,163,
Internal,EViT,EViT-Small,AUC,valid,,0.8707285622179239,0.7556334622823984,0.9638942617666022,20000,20000,20260920,163,163,
Internal,EViT,EViT-Small,Specificity,valid,,0.9574468085106383,0.9219858156028369,0.9858156028368794,20000,20000,20260920,163,163,
Internal,EViT,EViT-Small,Sensitivity,valid,,0.6818181818181818,0.5,0.8636363636363636,20000,20000,20260920,163,163,
Internal,EViT,EViT-Small,BA,valid,,0.8196324951644101,0.7180851063829787,0.9140876853642811,20000,20000,20260920,163,163,
Internal,EViT,EViT-Small,PPV,valid,,0.7142857142857143,0.55,0.8947368421052632,20000,20000,20260920,163,163,
Internal,EViT,EViT-Small,NPV,valid,,0.9507042253521126,0.9230769230769231,0.9784172661870504,20000,20000,20260920,163,163,
Internal,EViT,EViT-Small,F1,valid,,0.6976744186046512,0.5365853658536586,0.8372093023255814,20000,20000,20260920,163,163,
Internal,EViT,EViT-Small,AP,valid,,0.6687001374085314,0.4966517411221911,0.885383061981356,20000,20000,20260920,163,163,
Internal,MambaVision,MambaVision,ACC,valid,,0.9263803680981595,0.8895705521472392,0.9570552147239264,20000,20000,20260920,163,163,
Internal,MambaVision,MambaVision,AUC,valid,,0.8865248226950354,0.7791747259832367,0.9722759509993553,20000,20000,20260920,163,163,
Internal,MambaVision,MambaVision,Specificity,valid,,0.9787234042553191,0.950354609929078,1.0,20000,20000,20260920,163,163,
Internal,MambaVision,MambaVision,Sensitivity,valid,,0.5909090909090909,0.36363636363636365,0.7727272727272727,20000,20000,20260920,163,163,
Internal,MambaVision,MambaVision,BA,valid,,0.784816247582205,0.6782720825274017,0.8828175370728562,20000,20000,20260920,163,163,
Internal,MambaVision,MambaVision,PPV,valid,,0.8125,0.631578947368421,1.0,20000,20000,20260920,163,163,
Internal,MambaVision,MambaVision,NPV,valid,,0.9387755102040817,0.9090909090909091,0.9657534246575342,20000,20000,20260920,163,163,
Internal,MambaVision,MambaVision,F1,valid,,0.6842105263157895,0.5,0.8372093023255814,20000,20000,20260920,163,163,
Internal,MambaVision,MambaVision,AP,valid,,0.7826257524430534,0.6299043651038149,0.9174225132603332,20000,20000,20260920,163,163,
Internal,UniRepLKNet,UniRepLKNet-T,ACC,valid,,0.9202453987730062,0.8773006134969326,0.9570552147239264,20000,20000,20260920,163,163,
Internal,UniRepLKNet,UniRepLKNet-T,AUC,valid,,0.8961960025789814,0.8059316569954867,0.9677627337201805,20000,20000,20260920,163,163,
Internal,UniRepLKNet,UniRepLKNet-T,Specificity,valid,,0.9574468085106383,0.9219858156028369,0.9858156028368794,20000,20000,20260920,163,163,
Internal,UniRepLKNet,UniRepLKNet-T,Sensitivity,valid,,0.6818181818181818,0.5,0.8636363636363636,20000,20000,20260920,163,163,
Internal,UniRepLKNet,UniRepLKNet-T,BA,valid,,0.8196324951644101,0.7180851063829787,0.9140876853642811,20000,20000,20260920,163,163,
Internal,UniRepLKNet,UniRepLKNet-T,PPV,valid,,0.7142857142857143,0.55,0.8947368421052632,20000,20000,20260920,163,163,
Internal,UniRepLKNet,UniRepLKNet-T,NPV,valid,,0.9507042253521126,0.9225352112676056,0.9784172661870504,20000,20000,20260920,163,163,
Internal,UniRepLKNet,UniRepLKNet-T,F1,valid,,0.6976744186046512,0.5365853658536586,0.8372093023255814,20000,20000,20260920,163,163,
Internal,UniRepLKNet,UniRepLKNet-T,AP,valid,,0.7479278822084283,0.5940364270878586,0.8930796875787275,20000,20000,20260920,163,163,
Internal,RepVit,RepVit-m1.5,ACC,valid,,0.9263803680981595,0.8895705521472392,0.9631901840490797,20000,20000,20260920,163,163,
Internal,RepVit,RepVit-m1.5,AUC,valid,,0.9013539651837524,0.813023855577047,0.9713088330109607,20000,20000,20260920,163,163,
Internal,RepVit,RepVit-m1.5,Specificity,valid,,0.9645390070921985,0.9290780141843972,0.9929078014184397,20000,20000,20260920,163,163,
Internal,RepVit,RepVit-m1.5,Sensitivity,valid,,0.6818181818181818,0.5,0.8636363636363636,20000,20000,20260920,163,163,
Internal,RepVit,RepVit-m1.5,BA,valid,,0.8231785944551901,0.7216312056737588,0.9176337846550613,20000,20000,20260920,163,163,
Internal,RepVit,RepVit-m1.5,PPV,valid,,0.75,0.5833333333333334,0.9334374999999909,20000,20000,20260920,163,163,
Internal,RepVit,RepVit-m1.5,NPV,valid,,0.951048951048951,0.9230769230769231,0.9785714285714285,20000,20000,20260920,163,163,
Internal,RepVit,RepVit-m1.5,F1,valid,,0.7142857142857143,0.55,0.8571428571428571,20000,20000,20260920,163,163,
Internal,RepVit,RepVit-m1.5,AP,valid,,0.7378757072189704,0.5813631106254891,0.8870135943169031,20000,20000,20260920,163,163,
Internal,MedViT,MedViT,ACC,valid,,0.9141104294478528,0.8711656441717791,0.950920245398773,20000,20000,20260920,163,163,
Internal,MedViT,MedViT,AUC,valid,,0.9094132817537073,0.816247582205029,0.9748549323017408,20000,20000,20260920,163,163,
Internal,MedViT,MedViT,Specificity,valid,,0.9432624113475178,0.900709219858156,0.9787234042553191,20000,20000,20260920,163,163,
Internal,MedViT,MedViT,Sensitivity,valid,,0.7272727272727273,0.5454545454545454,0.9090909090909091,20000,20000,20260920,163,163,
Internal,MedViT,MedViT,BA,valid,,0.8352675693101226,0.7372662798194713,0.9261766602192134,20000,20000,20260920,163,163,
Internal,MedViT,MedViT,PPV,valid,,0.6666666666666666,0.5185185185185185,0.8421052631578947,20000,20000,20260920,163,163,
Internal,MedViT,MedViT,NPV,valid,,0.9568345323741008,0.9290780141843972,0.9851851851851852,20000,20000,20260920,163,163,
Internal,MedViT,MedViT,F1,valid,,0.6956521739130435,0.5454545454545454,0.8333333333333334,20000,20000,20260920,163,163,
Internal,MedViT,MedViT,AP,valid,,0.7792086901759441,0.6335453856113621,0.9094559765218364,20000,20000,20260920,163,163,
Internal,M3T,M3T,ACC,valid,,0.9325153374233128,0.8957055214723927,0.9693251533742331,20000,20000,20260920,163,163,
Internal,M3T,M3T,AUC,valid,,0.8871695680206318,0.7794970986460348,0.9713088330109607,20000,20000,20260920,163,163,
Internal,M3T,M3T,Specificity,valid,,0.9645390070921985,0.9290780141843972,0.9929078014184397,20000,20000,20260920,163,163,
Internal,M3T,M3T,Sensitivity,valid,,0.7272727272727273,0.5454545454545454,0.9090909090909091,20000,20000,20260920,163,163,
Internal,M3T,M3T,BA,valid,,0.8459058671824629,0.7479045776918117,0.9368149580915538,20000,20000,20260920,163,163,
Internal,M3T,M3T,PPV,valid,,0.7619047619047619,0.6071428571428571,0.9411764705882353,20000,20000,20260920,163,163,
Internal,M3T,M3T,NPV,valid,,0.9577464788732394,0.9305555555555556,0.9855072463768116,20000,20000,20260920,163,163,
Internal,M3T,M3T,F1,valid,,0.7441860465116279,0.5909090909090909,0.8780487804878049,20000,20000,20260920,163,163,
Internal,M3T,M3T,AP,valid,,0.7326858329677443,0.5678275023407687,0.8932771890797296,20000,20000,20260920,163,163,
Internal,CTNet,CTNet3D,ACC,valid,,0.9386503067484663,0.901840490797546,0.9693251533742331,20000,20000,20260920,163,163,
Internal,CTNet,CTNet3D,AUC,valid,,0.8955512572533849,0.8133462282398453,0.9629271437782077,20000,20000,20260920,163,163,
Internal,CTNet,CTNet3D,Specificity,valid,,0.9787234042553191,0.950354609929078,1.0,20000,20000,20260920,163,163,
Internal,CTNet,CTNet3D,Sensitivity,valid,,0.6818181818181818,0.5,0.8636363636363636,20000,20000,20260920,163,163,
Internal,CTNet,CTNet3D,BA,valid,,0.8302707930367504,0.7287234042553192,0.9247259832366215,20000,20000,20260920,163,163,
Internal,CTNet,CTNet3D,PPV,valid,,0.8333333333333334,0.6666666666666666,1.0,20000,20000,20260920,163,163,
Internal,CTNet,CTNet3D,NPV,valid,,0.9517241379310345,0.9246575342465754,0.9788732394366197,20000,20000,20260920,163,163,
Internal,CTNet,CTNet3D,F1,valid,,0.75,0.5853658536585366,0.8837209302325582,20000,20000,20260920,163,163,
Internal,CTNet,CTNet3D,AP,valid,,0.6862959458650102,0.5140133186447107,0.899243756703596,20000,20000,20260920,163,163,
Internal,MRS,MRS (Abouyoussef et al.),ACC,valid,,0.9386503067484663,0.901840490797546,0.9693251533742331,20000,20000,20260920,163,163,
Internal,MRS,MRS (Abouyoussef et al.),AUC,valid,,0.9016763378465507,0.8014184397163121,0.9777562862669246,20000,20000,20260920,163,163,
Internal,MRS,MRS (Abouyoussef et al.),Specificity,valid,,0.9645390070921985,0.9290780141843972,0.9929078014184397,20000,20000,20260920,163,163,
Internal,MRS,MRS (Abouyoussef et al.),Sensitivity,valid,,0.7727272727272727,0.5909090909090909,0.9545454545454546,20000,20000,20260920,163,163,
Internal,MRS,MRS (Abouyoussef et al.),BA,valid,,0.8686331399097356,0.7741779497098646,0.9509993552546744,20000,20000,20260920,163,163,
Internal,MRS,MRS (Abouyoussef et al.),PPV,valid,,0.7727272727272727,0.625,0.9444444444444444,20000,20000,20260920,163,163,
Internal,MRS,MRS (Abouyoussef et al.),NPV,valid,,0.9645390070921985,0.9375,0.9925373134328358,20000,20000,20260920,163,163,
Internal,MRS,MRS (Abouyoussef et al.),F1,valid,,0.7727272727272727,0.6341463414634146,0.8936170212765957,20000,20000,20260920,163,163,
Internal,MRS,MRS (Abouyoussef et al.),AP,valid,,0.7920729116296884,0.6383937519708305,0.9306874505843873,20000,20000,20260920,163,163,
Internal,Liang,3D DenseNet-121 (Liang baseline),ACC,valid,,0.9325153374233128,0.8957055214723927,0.9693251533742331,20000,20000,20260920,163,163,
Internal,Liang,3D DenseNet-121 (Liang baseline),AUC,valid,,0.9078014184397163,0.8104448742746615,0.9819471308833011,20000,20000,20260920,163,163,
Internal,Liang,3D DenseNet-121 (Liang baseline),Specificity,valid,,0.950354609929078,0.9148936170212766,0.9858156028368794,20000,20000,20260920,163,163,
Internal,Liang,3D DenseNet-121 (Liang baseline),Sensitivity,valid,,0.8181818181818182,0.6363636363636364,0.9545454545454546,20000,20000,20260920,163,163,
Internal,Liang,3D DenseNet-121 (Liang baseline),BA,valid,,0.8842682140554481,0.7969052224371374,0.9595422308188266,20000,20000,20260920,163,163,
Internal,Liang,3D DenseNet-121 (Liang baseline),PPV,valid,,0.72,0.5806451612903226,0.88,20000,20000,20260920,163,163,
Internal,Liang,3D DenseNet-121 (Liang baseline),NPV,valid,,0.9710144927536232,0.9440559440559441,0.9927007299270073,20000,20000,20260920,163,163,
Internal,Liang,3D DenseNet-121 (Liang baseline),F1,valid,,0.7659574468085106,0.6382978723404256,0.8837209302325582,20000,20000,20260920,163,163,
Internal,Liang,3D DenseNet-121 (Liang baseline),AP,valid,,0.8019361687069826,0.6497687858235789,0.9397385640881699,20000,20000,20260920,163,163,
Internal,Chang,3D ResNet-50 (Chang baseline),ACC,valid,,0.8895705521472392,0.8404907975460123,0.9325153374233128,20000,20000,20260920,163,163,
Internal,Chang,3D ResNet-50 (Chang baseline),AUC,valid,,0.9142488716956803,0.8326885880077369,0.9751853642811082,20000,20000,20260920,163,163,
Internal,Chang,3D ResNet-50 (Chang baseline),Specificity,valid,,0.9148936170212766,0.8652482269503546,0.9574468085106383,20000,20000,20260920,163,163,
Internal,Chang,3D ResNet-50 (Chang baseline),Sensitivity,valid,,0.7272727272727273,0.5454545454545454,0.9090909090909091,20000,20000,20260920,163,163,
Internal,Chang,3D ResNet-50 (Chang baseline),BA,valid,,0.821083172147002,0.7209864603481625,0.9119922630560928,20000,20000,20260920,163,163,
Internal,Chang,3D ResNet-50 (Chang baseline),PPV,valid,,0.5714285714285714,0.43333333333333335,0.7391304347826086,20000,20000,20260920,163,163,
Internal,Chang,3D ResNet-50 (Chang baseline),NPV,valid,,0.9555555555555556,0.9264705882352942,0.9847328244274809,20000,20000,20260920,163,163,
Internal,Chang,3D ResNet-50 (Chang baseline),F1,valid,,0.64,0.5,0.7755102040816326,20000,20000,20260920,163,163,
Internal,Chang,3D ResNet-50 (Chang baseline),AP,valid,,0.7552199985909717,0.5958240792154778,0.906440850521159,20000,20000,20260920,163,163,
Internal,WSOFNet,WSOFNet,ACC,valid,,0.9141104294478528,0.8711656441717791,0.950920245398773,20000,20000,20260920,163,163,
Internal,WSOFNet,WSOFNet,AUC,valid,,0.8646034816247582,0.7495164410058027,0.9597034171502257,20000,20000,20260920,163,163,
Internal,WSOFNet,WSOFNet,Specificity,valid,,0.9645390070921985,0.9290780141843972,0.9929078014184397,20000,20000,20260920,163,163,
Internal,WSOFNet,WSOFNet,Sensitivity,valid,,0.5909090909090909,0.36363636363636365,0.7727272727272727,20000,20000,20260920,163,163,
Internal,WSOFNet,WSOFNet,BA,valid,,0.7777240490006447,0.6711798839458414,0.8771760154738879,20000,20000,20260920,163,163,
Internal,WSOFNet,WSOFNet,PPV,valid,,0.7222222222222222,0.5384615384615384,0.9230769230769231,20000,20000,20260920,163,163,
Internal,WSOFNet,WSOFNet,NPV,valid,,0.9379310344827586,0.9078947368421053,0.9652777777777778,20000,20000,20260920,163,163,
Internal,WSOFNet,WSOFNet,F1,valid,,0.65,0.46153846153846156,0.8095238095238095,20000,20000,20260920,163,163,
Internal,WSOFNet,WSOFNet,AP,valid,,0.751655221051963,0.5929945335964871,0.8956753194970898,20000,20000,20260920,163,163,
Internal,VoCOv2,VoCOv2,ACC,valid,,0.48466257668711654,0.4171779141104294,0.558282208588957,20000,20000,20260920,163,163,
Internal,VoCOv2,VoCOv2,AUC,valid,,0.9032882011605415,0.8197936814958091,0.9677627337201805,20000,20000,20260920,163,163,
Internal,VoCOv2,VoCOv2,Specificity,valid,,0.41134751773049644,0.3333333333333333,0.49645390070921985,20000,20000,20260920,163,163,
Internal,VoCOv2,VoCOv2,Sensitivity,valid,,0.9545454545454546,0.8636363636363636,1.0,20000,20000,20260920,163,163,
Internal,VoCOv2,VoCOv2,BA,valid,,0.6829464861379755,0.6212121212121212,0.7375886524822695,20000,20000,20260920,163,163,
Internal,VoCOv2,VoCOv2,PPV,valid,,0.20192307692307693,0.17699115044247787,0.2299071618037116,20000,20000,20260920,163,163,
Internal,VoCOv2,VoCOv2,NPV,valid,,0.9830508474576272,0.9464285714285714,1.0,20000,20000,20260920,163,163,
Internal,VoCOv2,VoCOv2,F1,valid,,0.3333333333333333,0.29457364341085274,0.3728813559322034,20000,20000,20260920,163,163,
Internal,VoCOv2,VoCOv2,AP,valid,,0.7309415269230937,0.5719250941507286,0.8823956224199248,20000,20000,20260920,163,163,
Internal,3DINO,3DINO,ACC,valid,,0.9202453987730062,0.8773006134969326,0.9570552147239264,20000,20000,20260920,163,163,
Internal,3DINO,3DINO,AUC,valid,,0.8865248226950354,0.7711154094132817,0.9813023855577047,20000,20000,20260920,163,163,
Internal,3DINO,3DINO,Specificity,valid,,0.9361702127659575,0.8936170212765957,0.9716312056737588,20000,20000,20260920,163,163,
Internal,3DINO,3DINO,Sensitivity,valid,,0.8181818181818182,0.6363636363636364,0.9545454545454546,20000,20000,20260920,163,163,
Internal,3DINO,3DINO,BA,valid,,0.8771760154738879,0.7877176015473888,0.9524500322372663,20000,20000,20260920,163,163,
Internal,3DINO,3DINO,PPV,valid,,0.6666666666666666,0.53125,0.8260869565217391,20000,20000,20260920,163,163,
Internal,3DINO,3DINO,NPV,valid,,0.9705882352941176,0.9432624113475178,0.9925925925925926,20000,20000,20260920,163,163,
Internal,3DINO,3DINO,F1,valid,,0.7346938775510204,0.6071428571428571,0.8571428571428571,20000,20000,20260920,163,163,
Internal,3DINO,3DINO,AP,valid,,0.7841137850926047,0.6304532307874748,0.9223547679387354,20000,20000,20260920,163,163,
External,Ours,Ours (FinalVersion 2026-06-01),ACC,valid,,0.8762475049900199,0.848605577689243,0.9023904382470119,20000,20000,20260920,501,495,
External,Ours,Ours (FinalVersion 2026-06-01),AUC,valid,,0.8805922817973362,0.8398426892241151,0.9167790157326363,20000,20000,20260920,501,495,
External,Ours,Ours (FinalVersion 2026-06-01),Specificity,valid,,0.9447236180904522,0.9197994987468672,0.9671717171717171,20000,20000,20260920,501,495,
External,Ours,Ours (FinalVersion 2026-06-01),Sensitivity,valid,,0.6116504854368932,0.5145631067961165,0.7087378640776699,20000,20000,20260920,501,495,
External,Ours,Ours (FinalVersion 2026-06-01),BA,valid,,0.7781870517636726,0.7294716742918573,0.8260989035705294,20000,20000,20260920,501,495,
External,Ours,Ours (FinalVersion 2026-06-01),PPV,valid,,0.7411764705882353,0.6555555555555556,0.8279611895161287,20000,20000,20260920,501,495,
External,Ours,Ours (FinalVersion 2026-06-01),NPV,valid,,0.9038461538461539,0.882903981264637,0.925303003057004,20000,20000,20260920,501,495,
External,Ours,Ours (FinalVersion 2026-06-01),F1,valid,,0.6702127659574468,0.5909090909090909,0.7446808510638298,20000,20000,20260920,501,495,
External,Ours,Ours (FinalVersion 2026-06-01),AP,valid,,0.682477087770715,0.5978862292188473,0.7735246182702119,20000,20000,20260920,501,495,
External,EViT,EViT-Small,ACC,valid,,0.8063872255489022,0.7911646586345381,0.822,20000,20000,20260920,501,495,
External,EViT,EViT-Small,AUC,valid,,0.840927940674245,0.7958958377557063,0.882987283006077,20000,20000,20260920,501,495,
External,EViT,EViT-Small,Specificity,valid,,0.9874371859296482,0.9749984335839599,0.9974811083123426,20000,20000,20260920,501,495,
External,EViT,EViT-Small,Sensitivity,valid,,0.10679611650485436,0.04854368932038835,0.17475728155339806,20000,20000,20260920,501,495,
External,EViT,EViT-Small,BA,valid,,0.5471166512172513,0.5180061804997932,0.5797837040678383,20000,20000,20260920,501,495,
External,EViT,EViT-Small,PPV,valid,,0.6875,0.4444444444444444,0.9166666666666666,20000,20000,20260920,501,495,
External,EViT,EViT-Small,NPV,valid,,0.8103092783505155,0.8004073319755601,0.8215767634854771,20000,20000,20260920,501,495,
External,EViT,EViT-Small,F1,valid,,0.18487394957983194,0.08928571428571429,0.27906976744186046,20000,20000,20260920,501,495,
External,EViT,EViT-Small,AP,valid,,0.5758889750576829,0.49612099976653057,0.6832769814799091,20000,20000,20260920,501,495,
External,MambaVision,MambaVision,ACC,valid,,0.8323353293413174,0.8028161999887773,0.8608349900596421,20000,20000,20260920,501,495,
External,MambaVision,MambaVision,AUC,valid,,0.8293408791530468,0.7831228371083344,0.8723610895821123,20000,20000,20260920,501,495,
External,MambaVision,MambaVision,Specificity,valid,,0.9195979899497487,0.8916876574307305,0.945,20000,20000,20260920,501,495,
External,MambaVision,MambaVision,Sensitivity,valid,,0.49514563106796117,0.39805825242718446,0.5922330097087378,20000,20000,20260920,501,495,
External,MambaVision,MambaVision,BA,valid,,0.7073718105088549,0.6571005844806925,0.7561810667384021,20000,20000,20260920,501,495,
External,MambaVision,MambaVision,PPV,valid,,0.6144578313253012,0.525,0.7083333333333334,20000,20000,20260920,501,495,
External,MambaVision,MambaVision,NPV,valid,,0.8755980861244019,0.8548009367681498,0.896551724137931,20000,20000,20260920,501,495,
External,MambaVision,MambaVision,F1,valid,,0.5483870967741935,0.46153846153846156,0.6282722513089005,20000,20000,20260920,501,495,
External,MambaVision,MambaVision,AP,valid,,0.6084443872267326,0.5266448685119638,0.6952941058562553,20000,20000,20260920,501,495,
External,UniRepLKNet,UniRepLKNet-T,ACC,valid,,0.8383233532934131,0.8092369477911646,0.8662674650698603,20000,20000,20260920,501,495,
External,UniRepLKNet,UniRepLKNet-T,AUC,valid,,0.8351466068205103,0.79204257893869,0.8748090542133251,20000,20000,20260920,501,495,
External,UniRepLKNet,UniRepLKNet-T,Specificity,valid,,0.9246231155778895,0.8972431077694235,0.9496221662468514,20000,20000,20260920,501,495,
External,UniRepLKNet,UniRepLKNet-T,Sensitivity,valid,,0.5048543689320388,0.4077669902912621,0.6019417475728155,20000,20000,20260920,501,495,
External,UniRepLKNet,UniRepLKNet-T,BA,valid,,0.7147387422549641,0.6649387715275407,0.7645387129823876,20000,20000,20260920,501,495,
External,UniRepLKNet,UniRepLKNet-T,PPV,valid,,0.6341463414634146,0.5443037974683544,0.7272727272727273,20000,20000,20260920,501,495,
External,UniRepLKNet,UniRepLKNet-T,NPV,valid,,0.8782816229116945,0.8574821852731591,0.8997555012224939,20000,20000,20260920,501,495,
External,UniRepLKNet,UniRepLKNet-T,F1,valid,,0.5621621621621622,0.47619047619047616,0.6417112299465241,20000,20000,20260920,501,495,
External,UniRepLKNet,UniRepLKNet-T,AP,valid,,0.5583405104916065,0.48078786946912705,0.6624923741193706,20000,20000,20260920,501,495,
External,RepVit,RepVit-m1.5,ACC,valid,,0.8303393213572854,0.7991967871485943,0.8599615384615383,20000,20000,20260920,501,495,
External,RepVit,RepVit-m1.5,AUC,valid,,0.8142898960823535,0.7641448452914765,0.8601265989652095,20000,20000,20260920,501,495,
External,RepVit,RepVit-m1.5,Specificity,valid,,0.9045226130653267,0.8743718592964824,0.9323308270676691,20000,20000,20260920,501,495,
External,RepVit,RepVit-m1.5,Sensitivity,valid,,0.5436893203883495,0.44660194174757284,0.6407766990291263,20000,20000,20260920,501,495,
External,RepVit,RepVit-m1.5,BA,valid,,0.7241059667268381,0.6731553398058252,0.7741383495145631,20000,20000,20260920,501,495,
External,RepVit,RepVit-m1.5,PPV,valid,,0.5957446808510638,0.5116279069767442,0.6823529411764706,20000,20000,20260920,501,495,
External,RepVit,RepVit-m1.5,NPV,valid,,0.8845208845208845,0.8627450980392157,0.9066339066339066,20000,20000,20260920,501,495,
External,RepVit,RepVit-m1.5,F1,valid,,0.5685279187817259,0.48618004182663793,0.6458333333333334,20000,20000,20260920,501,495,
External,RepVit,RepVit-m1.5,AP,valid,,0.6047951573534915,0.5183082799651472,0.6988330700235612,20000,20000,20260920,501,495,
External,MedViT,MedViT,ACC,valid,,0.8083832335329342,0.7744510978043913,0.8412698412698413,20000,20000,20260920,501,495,
External,MedViT,MedViT,AUC,valid,,0.842879445772552,0.7999162989114446,0.8830161008205356,20000,20000,20260920,501,495,
External,MedViT,MedViT,Specificity,valid,,0.8492462311557789,0.8140703517587939,0.883248730964467,20000,20000,20260920,501,495,
External,MedViT,MedViT,Sensitivity,valid,,0.6504854368932039,0.5533980582524272,0.7378640776699029,20000,20000,20260920,501,495,
External,MedViT,MedViT,BA,valid,,0.7498658340244915,0.7003022612660292,0.7980362426939913,20000,20000,20260920,501,495,
External,MedViT,MedViT,PPV,valid,,0.5275590551181102,0.4626865671641791,0.5982142857142857,20000,20000,20260920,501,495,
External,MedViT,MedViT,NPV,valid,,0.9037433155080213,0.8807106598984772,0.926829268292683,20000,20000,20260920,501,495,
External,MedViT,MedViT,F1,valid,,0.5826086956521739,0.5130434782608696,0.6493506493506493,20000,20000,20260920,501,495,
External,MedViT,MedViT,AP,valid,,0.5757815058772647,0.4945369710025968,0.6717297370209213,20000,20000,20260920,501,495,
External,M3T,M3T,ACC,valid,,0.8403193612774451,0.8083736526946108,0.8709677419354839,20000,20000,20260920,501,495,
External,M3T,M3T,AUC,valid,,0.8760794262575011,0.8375397959686561,0.9112520363293599,20000,20000,20260920,501,495,
External,M3T,M3T,Specificity,valid,,0.8793969849246231,0.8459595959595959,0.9102244389027432,20000,20000,20260920,501,495,
External,M3T,M3T,Sensitivity,valid,,0.6893203883495146,0.6019417475728155,0.7766990291262136,20000,20000,20260920,501,495,
External,M3T,M3T,BA,valid,,0.7843586866370689,0.7365769343924684,0.830995145631068,20000,20000,20260920,501,495,
External,M3T,M3T,PPV,valid,,0.5966386554621849,0.528,0.6698113207547169,20000,20000,20260920,501,495,
External,M3T,M3T,NPV,valid,,0.9162303664921466,0.894053911205074,0.9385026737967914,20000,20000,20260920,501,495,
External,M3T,M3T,F1,valid,,0.6396396396396397,0.5714285714285714,0.7053571428571429,20000,20000,20260920,501,495,
External,M3T,M3T,AP,valid,,0.6927807201848284,0.6166063235392454,0.7688815063291249,20000,20000,20260920,501,495,
External,CTNet,CTNet3D,ACC,valid,,0.8263473053892215,0.808,0.844311377245509,20000,20000,20260920,501,495,
External,CTNet,CTNet3D,AUC,valid,,0.838952041762209,0.7962126189259556,0.8779473834282617,20000,20000,20260920,501,495,
External,CTNet,CTNet3D,Specificity,valid,,0.9874371859296482,0.974937343358396,0.9974811083123426,20000,20000,20260920,501,495,
External,CTNet,CTNet3D,Sensitivity,valid,,0.20388349514563106,0.1262135922330097,0.2815533980582524,20000,20000,20260920,501,495,
External,CTNet,CTNet3D,BA,valid,,0.5956603405376396,0.5568411319561039,0.6357261939786212,20000,20000,20260920,501,495,
External,CTNet,CTNet3D,PPV,valid,,0.8076923076923077,0.65,0.9523809523809523,20000,20000,20260920,501,495,
External,CTNet,CTNet3D,NPV,valid,,0.8273684210526315,0.8136645962732919,0.8418803418803419,20000,20000,20260920,501,495,
External,CTNet,CTNet3D,F1,valid,,0.32558139534883723,0.21666666666666667,0.4264705882352941,20000,20000,20260920,501,495,
External,CTNet,CTNet3D,AP,valid,,0.5904895992829508,0.5094214407848873,0.6862104836721404,20000,20000,20260920,501,495,
External,MRS,MRS (Abouyoussef et al.),ACC,valid,,0.8582834331337326,0.8286290322580645,0.8869047619047619,20000,20000,20260920,501,495,
External,MRS,MRS (Abouyoussef et al.),AUC,valid,,0.8867883104844612,0.8494522068631164,0.9198372431805643,20000,20000,20260920,501,495,
External,MRS,MRS (Abouyoussef et al.),Specificity,valid,,0.907035175879397,0.8781725888324873,0.9345088161209067,20000,20000,20260920,501,495,
External,MRS,MRS (Abouyoussef et al.),Sensitivity,valid,,0.6699029126213593,0.5728155339805825,0.7572815533980582,20000,20000,20260920,501,495,
External,MRS,MRS (Abouyoussef et al.),BA,valid,,0.7884690442503781,0.7406718969088127,0.8348428883612781,20000,20000,20260920,501,495,
External,MRS,MRS (Abouyoussef et al.),PPV,valid,,0.6509433962264151,0.5779816513761468,0.73,20000,20000,20260920,501,495,
External,MRS,MRS (Abouyoussef et al.),NPV,valid,,0.9139240506329114,0.8923076923076924,0.9355670103092784,20000,20000,20260920,501,495,
External,MRS,MRS (Abouyoussef et al.),F1,valid,,0.6602870813397129,0.5893719806763285,0.728110599078341,20000,20000,20260920,501,495,
External,MRS,MRS (Abouyoussef et al.),AP,valid,,0.7172906414050959,0.640089788164989,0.7927705132156713,20000,20000,20260920,501,495,
External,Liang,3D DenseNet-121 (Liang baseline),ACC,valid,,0.7984031936127745,0.788,0.8092369477911646,20000,20000,20260920,501,495,
External,Liang,3D DenseNet-121 (Liang baseline),AUC,valid,,0.7943113626384349,0.7447950334890009,0.8392671285228731,20000,20000,20260920,501,495,
External,Liang,3D DenseNet-121 (Liang baseline),Specificity,valid,,0.992462311557789,0.9825,1.0,20000,20000,20260920,501,495,
External,Liang,3D DenseNet-121 (Liang baseline),Sensitivity,valid,,0.04854368932038835,0.009708737864077669,0.0970873786407767,20000,20000,20260920,501,495,
External,Liang,3D DenseNet-121 (Liang baseline),BA,valid,,0.5205030004390887,0.502113801155217,0.5435436893203883,20000,20000,20260920,501,495,
External,Liang,3D DenseNet-121 (Liang baseline),PPV,valid,,0.625,0.25,1.0,19995,20000,20260920,501,495,undefined in 5/20000 replicates; CI uses finite replicates
External,Liang,3D DenseNet-121 (Liang baseline),NPV,valid,,0.8012170385395537,0.7947686116700201,0.8090349075975359,20000,20000,20260920,501,495,
External,Liang,3D DenseNet-121 (Liang baseline),F1,valid,,0.09009009009009009,0.018867924528301886,0.17094017094017094,20000,20000,20260920,501,495,
External,Liang,3D DenseNet-121 (Liang baseline),AP,valid,,0.48282980976422946,0.40682189920321565,0.5828824550751979,20000,20000,20260920,501,495,
External,Chang,3D ResNet-50 (Chang baseline),ACC,valid,,0.8383233532934131,0.8088531187122736,0.8667992047713717,20000,20000,20260920,501,495,
External,Chang,3D ResNet-50 (Chang baseline),AUC,valid,,0.8665170512757965,0.8283901728456826,0.9017265053019113,20000,20000,20260920,501,495,
External,Chang,3D ResNet-50 (Chang baseline),Specificity,valid,,0.9170854271356784,0.8897173839120415,0.9423558897243107,20000,20000,20260920,501,495,
External,Chang,3D ResNet-50 (Chang baseline),Sensitivity,valid,,0.5339805825242718,0.4368932038834951,0.6310679611650486,20000,20000,20260920,501,495,
External,Chang,3D ResNet-50 (Chang baseline),BA,valid,,0.7255330048299751,0.675909581249387,0.7746531728930102,20000,20000,20260920,501,495,
External,Chang,3D ResNet-50 (Chang baseline),PPV,valid,,0.625,0.5402241379310345,0.7142857142857143,20000,20000,20260920,501,495,
External,Chang,3D ResNet-50 (Chang baseline),NPV,valid,,0.8837772397094431,0.8628841607565012,0.9054726368159204,20000,20000,20260920,501,495,
External,Chang,3D ResNet-50 (Chang baseline),F1,valid,,0.5759162303664922,0.4943820224719101,0.6534653465346535,20000,20000,20260920,501,495,
External,Chang,3D ResNet-50 (Chang baseline),AP,valid,,0.6470206855920296,0.5667324973723183,0.7317705526903419,20000,20000,20260920,501,495,
External,WSOFNet,WSOFNet,ACC,valid,,0.8522954091816367,0.8249496981891348,0.8784860557768924,20000,20000,20260920,501,495,
External,WSOFNet,WSOFNet,AUC,valid,,0.8544421134800214,0.8101934392468373,0.8950394486086777,20000,20000,20260920,501,495,
External,WSOFNet,WSOFNet,Specificity,valid,,0.9422110552763819,0.917910447761194,0.9644670050761421,20000,20000,20260920,501,495,
External,WSOFNet,WSOFNet,Sensitivity,valid,,0.5048543689320388,0.4077669902912621,0.6019417475728155,20000,20000,20260920,501,495,
External,WSOFNet,WSOFNet,BA,valid,,0.7235327121042103,0.6736501447794243,0.7733340965640203,20000,20000,20260920,501,495,
External,WSOFNet,WSOFNet,PPV,valid,,0.6933333333333334,0.6,0.7887323943661971,20000,20000,20260920,501,495,
External,WSOFNet,WSOFNet,NPV,valid,,0.8802816901408451,0.8598130841121495,0.9014084507042254,20000,20000,20260920,501,495,
External,WSOFNet,WSOFNet,F1,valid,,0.5842696629213483,0.4968944099378882,0.6666666666666666,20000,20000,20260920,501,495,
External,WSOFNet,WSOFNet,AP,valid,,0.6491499555984636,0.5662829333172391,0.7345421306968899,20000,20000,20260920,501,495,
External,VoCOv2,VoCOv2,ACC,valid,,0.22554890219560877,0.214,0.23856858846918488,20000,20000,20260920,501,495,
External,VoCOv2,VoCOv2,AUC,valid,,0.8167048836415085,0.7706338959845325,0.8594945763452542,20000,20000,20260920,501,495,
External,VoCOv2,VoCOv2,Specificity,valid,,0.02512562814070352,0.010101010101010102,0.04060913705583756,20000,20000,20260920,501,495,
External,VoCOv2,VoCOv2,Sensitivity,valid,,1.0,1.0,1.0,20000,20000,20260920,501,495,; degenerate percentile interval
External,VoCOv2,VoCOv2,BA,valid,,0.5125628140703518,0.5050505050505051,0.5203045685279187,20000,20000,20260920,501,495,
External,VoCOv2,VoCOv2,PPV,valid,,0.20977596741344195,0.20641282565130262,0.21325051759834368,20000,20000,20260920,501,495,
External,VoCOv2,VoCOv2,NPV,valid,,1.0,1.0,1.0,19999,20000,20260920,501,495,undefined in 1/20000 replicates; CI uses finite replicates; degenerate percentile interval
External,VoCOv2,VoCOv2,F1,valid,,0.3468013468013468,0.34219269102990035,0.3515358361774744,20000,20000,20260920,501,495,
External,VoCOv2,VoCOv2,AP,valid,,0.5177534353853783,0.44161856915877246,0.6144752905898033,20000,20000,20260920,501,495,
External,3DINO,3DINO,ACC,valid,,0.8163672654690619,0.7822560683487704,0.8492063492063492,20000,20000,20260920,501,495,
External,3DINO,3DINO,AUC,valid,,0.8713958140215642,0.8361426126544835,0.9034984563063322,20000,20000,20260920,501,495,
External,3DINO,3DINO,Specificity,valid,,0.8517587939698492,0.8156565656565656,0.8860759493670886,20000,20000,20260920,501,495,
External,3DINO,3DINO,Sensitivity,valid,,0.6796116504854369,0.5919902912621361,0.7669902912621359,20000,20000,20260920,501,495,
External,3DINO,3DINO,BA,valid,,0.7656852222276431,0.7162718479369752,0.8133197070345768,20000,20000,20260920,501,495,
External,3DINO,3DINO,PPV,valid,,0.5426356589147286,0.47761194029850745,0.6126126126126126,20000,20000,20260920,501,495,
External,3DINO,3DINO,NPV,valid,,0.9112903225806451,0.8882978723404256,0.9344262295081968,20000,20000,20260920,501,495,
External,3DINO,3DINO,F1,valid,,0.603448275862069,0.5350877192982456,0.6695278969957081,20000,20000,20260920,501,495,
External,3DINO,3DINO,AP,valid,,0.5997703356635556,0.5188404962257863,0.6921089795139187,20000,20000,20260920,501,495,
