cohort,model_A,model_B,metric,difference,ci_low,ci_high,difference_pp,ci_low_pp,ci_high_pp,p_raw,p_holm,holm_family_size,valid_bootstrap,bootstrap_replicates,seed,test_status,test_note,significant_holm_0_05
Internal,Ours,EViT,AUC,0.06931012250161184,0.008704061895551285,0.14184397163120566,6.931012250161183,0.8704061895551285,14.184397163120565,0.04014799260036998,1.0,52,20000,20000,20260920,ok,centered paired patient-cluster bootstrap approximation; finite-sample +1 correction,False
Internal,Ours,EViT,ACC,0.024539877300613466,-0.018404907975460127,0.06748466257668706,2.4539877300613466,-1.8404907975460127,6.7484662576687064,0.3133343332833358,1.0,52,20000,20000,20260920,ok,centered paired patient-cluster bootstrap approximation; finite-sample +1 correction,False
Internal,Ours,MambaVision,AUC,0.05351386202450037,0.0009590586718246048,0.11573178594455191,5.351386202450037,0.09590586718246048,11.573178594455191,0.06769661516924154,1.0,52,20000,20000,20260920,ok,centered paired patient-cluster bootstrap approximation; finite-sample +1 correction,False
Internal,Ours,MambaVision,ACC,0.018404907975460127,-0.018404907975460127,0.055368098159495824,1.8404907975460127,-1.8404907975460127,5.536809815949582,0.43767811609419527,1.0,52,20000,20000,20260920,ok,centered paired patient-cluster bootstrap approximation; finite-sample +1 correction,False
Internal,Ours,UniRepLKNet,AUC,0.04384268214055442,-0.007736943907156735,0.10606060606060608,4.384268214055442,-0.7736943907156735,10.606060606060607,0.13154342282885856,1.0,52,20000,20000,20260920,ok,centered paired patient-cluster bootstrap approximation; finite-sample +1 correction,False
Internal,Ours,UniRepLKNet,ACC,0.024539877300613466,-0.018404907975460127,0.06748466257668706,2.4539877300613466,-1.8404907975460127,6.7484662576687064,0.3114344282785861,1.0,52,20000,20000,20260920,ok,centered paired patient-cluster bootstrap approximation; finite-sample +1 correction,False
Internal,Ours,RepVit,AUC,0.03868471953578334,0.0,0.08639587362991619,3.868471953578334,0.0,8.63958736299162,0.07574621268936553,1.0,52,20000,20000,20260920,ok,centered paired patient-cluster bootstrap approximation; finite-sample +1 correction,False
Internal,Ours,RepVit,ACC,0.018404907975460127,-0.018404907975460127,0.06134969325153372,1.8404907975460127,-1.8404907975460127,6.134969325153373,0.45152742362881854,1.0,52,20000,20000,20260920,ok,centered paired patient-cluster bootstrap approximation; finite-sample +1 correction,False
Internal,Ours,MedViT,AUC,0.030625402965828497,-0.027724049000644735,0.10832527401676276,3.0625402965828497,-2.7724049000644735,10.832527401676275,0.38533073346332686,1.0,52,20000,20000,20260920,ok,centered paired patient-cluster bootstrap approximation; finite-sample +1 correction,False
Internal,Ours,MedViT,ACC,0.030674846625766805,-0.00613496932515345,0.0736196319018404,3.0674846625766805,-0.613496932515345,7.36196319018404,0.1710914454277286,1.0,52,20000,20000,20260920,ok,centered paired patient-cluster bootstrap approximation; finite-sample +1 correction,False
Internal,Ours,M3T,AUC,0.05286911669890393,0.0012894906511927706,0.11540941328175369,5.286911669890393,0.12894906511927706,11.54094132817537,0.0679966001699915,1.0,52,20000,20000,20260920,ok,centered paired patient-cluster bootstrap approximation; finite-sample +1 correction,False
Internal,Ours,M3T,ACC,0.012269938650306789,-0.024539877300613466,0.049079754601227044,1.2269938650306789,-2.4539877300613466,4.907975460122705,0.6363681815909205,1.0,52,20000,20000,20260920,ok,centered paired patient-cluster bootstrap approximation; finite-sample +1 correction,False
Internal,Ours,CTNet,AUC,0.044487427466150864,-0.008059316569954844,0.10703578336556988,4.448742746615086,-0.8059316569954844,10.703578336556987,0.1319934003299835,1.0,52,20000,20000,20260920,ok,centered paired patient-cluster bootstrap approximation; finite-sample +1 correction,False
Internal,Ours,CTNet,ACC,0.006134969325153339,-0.030674846625766805,0.042944785276073594,0.6134969325153339,-3.0674846625766805,4.294478527607359,0.8652567371631419,1.0,52,20000,20000,20260920,ok,centered paired patient-cluster bootstrap approximation; finite-sample +1 correction,False
Internal,Ours,MRS,AUC,0.03836234687298512,-0.015151515151515142,0.10380399742101876,3.836234687298512,-1.5151515151515142,10.380399742101876,0.20663966801659917,1.0,52,20000,20000,20260920,ok,centered paired patient-cluster bootstrap approximation; finite-sample +1 correction,False
Internal,Ours,MRS,ACC,0.006134969325153339,-0.024539877300613466,0.036809815950920255,0.6134969325153339,-2.4539877300613466,3.6809815950920255,0.847507624618769,1.0,52,20000,20000,20260920,ok,centered paired patient-cluster bootstrap approximation; finite-sample +1 correction,False
Internal,Ours,Liang,AUC,0.03223726627981949,-0.01934235976789167,0.1063829787234043,3.2237266279819488,-1.934235976789167,10.63829787234043,0.336383180840958,1.0,52,20000,20000,20260920,ok,centered paired patient-cluster bootstrap approximation; finite-sample +1 correction,False
Internal,Ours,Liang,ACC,0.012269938650306789,-0.024539877300613466,0.049079754601227044,1.2269938650306789,-2.4539877300613466,4.907975460122705,0.6247187640617969,1.0,52,20000,20000,20260920,ok,centered paired patient-cluster bootstrap approximation; finite-sample +1 correction,False
Internal,Ours,Chang,AUC,0.025789813023855523,-0.007092198581560294,0.06382978723404253,2.5789813023855523,-0.7092198581560294,6.382978723404253,0.1494925253737313,1.0,52,20000,20000,20260920,ok,centered paired patient-cluster bootstrap approximation; finite-sample +1 correction,False
Internal,Ours,Chang,ACC,0.05521472392638038,0.00613496932515345,0.10429447852760743,5.521472392638039,0.613496932515345,10.429447852760742,0.035248237588120596,1.0,52,20000,20000,20260920,ok,centered paired patient-cluster bootstrap approximation; finite-sample +1 correction,False
Internal,Ours,WSOFNet,AUC,0.07543520309477758,0.012250161186331376,0.15054803352675694,7.543520309477758,1.2250161186331376,15.054803352675695,0.03294835258237088,1.0,52,20000,20000,20260920,ok,centered paired patient-cluster bootstrap approximation; finite-sample +1 correction,False
Internal,Ours,WSOFNet,ACC,0.030674846625766805,-0.012269938650306789,0.07361963190184051,3.0674846625766805,-1.2269938650306789,7.361963190184051,0.20463976801159942,1.0,52,20000,20000,20260920,ok,centered paired patient-cluster bootstrap approximation; finite-sample +1 correction,False
Internal,Ours,VoCOv2,AUC,0.03675048355899424,-0.009671179883945835,0.08961960025789817,3.675048355899424,-0.9671179883945835,8.961960025789818,0.14269286535673217,1.0,52,20000,20000,20260920,ok,centered paired patient-cluster bootstrap approximation; finite-sample +1 correction,False
Internal,Ours,VoCOv2,ACC,0.4601226993865031,0.3803680981595092,0.5337423312883436,46.012269938650306,38.036809815950924,53.37423312883436,4.999750012499375e-05,0.0025998700064996747,52,20000,20000,20260920,ok,centered paired patient-cluster bootstrap approximation; finite-sample +1 correction,True
Internal,Ours,3DINO,AUC,0.05351386202450037,-0.007736943907156735,0.13636363636363635,5.351386202450037,-0.7736943907156735,13.636363636363635,0.1503924803759812,1.0,52,20000,20000,20260920,ok,centered paired patient-cluster bootstrap approximation; finite-sample +1 correction,False
Internal,Ours,3DINO,ACC,0.024539877300613466,-0.012269938650306789,0.06748466257668706,2.4539877300613466,-1.2269938650306789,6.7484662576687064,0.3031848407579621,1.0,52,20000,20000,20260920,ok,centered paired patient-cluster bootstrap approximation; finite-sample +1 correction,False
External,Ours,EViT,AUC,0.03966434112309114,-0.011493971778630988,0.09113772747231275,3.966434112309114,-1.149397177863099,9.113772747231275,0.1313434328283586,1.0,52,20000,20000,20260920,ok,centered paired patient-cluster bootstrap approximation; finite-sample +1 correction,False
External,Ours,EViT,ACC,0.06986027944111772,0.040078156312625186,0.09819639278557113,6.986027944111772,4.007815631262519,9.819639278557112,4.999750012499375e-05,0.0025998700064996747,52,20000,20000,20260920,ok,centered paired patient-cluster bootstrap approximation; finite-sample +1 correction,True
External,Ours,MambaVision,AUC,0.0512514026442894,0.003479311579679198,0.10086714886967262,5.12514026442894,0.3479311579679198,10.086714886967261,0.038498075096245185,1.0,52,20000,20000,20260920,ok,centered paired patient-cluster bootstrap approximation; finite-sample +1 correction,False
External,Ours,MambaVision,ACC,0.043912175648702534,0.00994035785288272,0.07831325301204817,4.391217564870253,0.994035785288272,7.831325301204817,0.014899255037248137,0.6108694565271736,52,20000,20000,20260920,ok,centered paired patient-cluster bootstrap approximation; finite-sample +1 correction,False
External,Ours,UniRepLKNet,AUC,0.045445674976825834,0.005679105478850599,0.08433083445987466,4.544567497682584,0.5679105478850599,8.433083445987466,0.02414879256037198,0.9418029098545072,52,20000,20000,20260920,ok,centered paired patient-cluster bootstrap approximation; finite-sample +1 correction,False
External,Ours,UniRepLKNet,ACC,0.03792415169660679,0.0020039078156312644,0.07385229540918159,3.792415169660679,0.20039078156312645,7.385229540918159,0.04044797760111994,1.0,52,20000,20000,20260920,ok,centered paired patient-cluster bootstrap approximation; finite-sample +1 correction,False
External,Ours,RepVit,AUC,0.0663023857149827,0.01912355167080507,0.1155783279183183,6.63023857149827,1.912355167080507,11.55783279183183,0.006549672516374182,0.2816359182040898,52,20000,20000,20260920,ok,centered paired patient-cluster bootstrap approximation; finite-sample +1 correction,False
External,Ours,RepVit,ACC,0.04590818363273452,0.01002004008016033,0.0816733067729083,4.590818363273453,1.002004008016033,8.16733067729083,0.011749412529373532,0.49347532623368834,52,20000,20000,20260920,ok,centered paired patient-cluster bootstrap approximation; finite-sample +1 correction,False
External,Ours,MedViT,AUC,0.03771283602478415,-0.009901982895218034,0.08572452469662703,3.7712836024784147,-0.9901982895218033,8.572452469662704,0.11809409529523524,1.0,52,20000,20000,20260920,ok,centered paired patient-cluster bootstrap approximation; finite-sample +1 correction,False
External,Ours,MedViT,ACC,0.06786427145708573,0.029878992974424347,0.10693069306930691,6.786427145708574,2.9878992974424348,10.693069306930692,0.0004999750012499375,0.023998800059997,52,20000,20000,20260920,ok,centered paired patient-cluster bootstrap approximation; finite-sample +1 correction,True
External,Ours,M3T,AUC,0.004512855539835048,-0.03824726202089512,0.04706713055873269,0.4512855539835048,-3.8247262020895123,4.706713055873269,0.8382080895955202,1.0,52,20000,20000,20260920,ok,centered paired patient-cluster bootstrap approximation; finite-sample +1 correction,False
External,Ours,M3T,ACC,0.0359281437125748,0.0019762845849802257,0.07200000000000006,3.59281437125748,0.19762845849802257,7.200000000000006,0.05064746762661867,1.0,52,20000,20000,20260920,ok,centered paired patient-cluster bootstrap approximation; finite-sample +1 correction,False
External,Ours,CTNet,AUC,0.04164024003512712,0.002135922330097073,0.08232813572619402,4.164024003512711,0.2135922330097073,8.232813572619403,0.042547872606369684,1.0,52,20000,20000,20260920,ok,centered paired patient-cluster bootstrap approximation; finite-sample +1 correction,False
External,Ours,CTNet,ACC,0.04990019960079839,0.0217821782178218,0.07815631262525047,4.990019960079839,2.17821782178218,7.815631262525047,0.0007999600019999,0.037598120093995296,52,20000,20000,20260920,ok,centered paired patient-cluster bootstrap approximation; finite-sample +1 correction,True
External,Ours,MRS,AUC,-0.006196028687124988,-0.03866378609456803,0.026772475973325372,-0.6196028687124988,-3.8663786094568033,2.677247597332537,0.7024648767561622,1.0,52,20000,20000,20260920,ok,centered paired patient-cluster bootstrap approximation; finite-sample +1 correction,False
External,Ours,MRS,ACC,0.017964071856287345,-0.013833992094861691,0.04960317460317454,1.7964071856287345,-1.3833992094861691,4.960317460317453,0.27803609819509023,1.0,52,20000,20000,20260920,ok,centered paired patient-cluster bootstrap approximation; finite-sample +1 correction,False
External,Ours,Liang,AUC,0.08628091915890124,0.03278528565155869,0.14098588678923676,8.628091915890124,3.2785285651558693,14.098588678923676,0.0015499225038748063,0.06974651267436628,52,20000,20000,20260920,ok,centered paired patient-cluster bootstrap approximation; finite-sample +1 correction,False
External,Ours,Liang,ACC,0.07784431137724546,0.04970178926441349,0.10578842315369252,7.784431137724546,4.970178926441349,10.578842315369252,4.999750012499375e-05,0.0025998700064996747,52,20000,20000,20260920,ok,centered paired patient-cluster bootstrap approximation; finite-sample +1 correction,True
External,Ours,Chang,AUC,0.014075230521539694,-0.023919587798333444,0.05274003512709163,1.4075230521539694,-2.3919587798333444,5.274003512709164,0.46922653867306635,1.0,52,20000,20000,20260920,ok,centered paired patient-cluster bootstrap approximation; finite-sample +1 correction,False
External,Ours,Chang,ACC,0.03792415169660679,0.005976095617529875,0.07000000000000006,3.792415169660679,0.5976095617529875,7.000000000000006,0.022648867556622168,0.9059547022648867,52,20000,20000,20260920,ok,centered paired patient-cluster bootstrap approximation; finite-sample +1 correction,False
External,Ours,WSOFNet,AUC,0.02615016831731476,-0.01792945309069616,0.07252338418088278,2.615016831731476,-1.7929453090696161,7.252338418088278,0.25478726063696816,1.0,52,20000,20000,20260920,ok,centered paired patient-cluster bootstrap approximation; finite-sample +1 correction,False
External,Ours,WSOFNet,ACC,0.0239520958083832,-0.004024144869215318,0.05378486055776888,2.39520958083832,-0.4024144869215318,5.378486055776888,0.11554422278886056,1.0,52,20000,20000,20260920,ok,centered paired patient-cluster bootstrap approximation; finite-sample +1 correction,False
External,Ours,VoCOv2,AUC,0.06388739815582767,0.020786884214425247,0.10719202376002712,6.388739815582767,2.0786884214425245,10.719202376002713,0.004249787510624469,0.18699065046747662,52,20000,20000,20260920,ok,centered paired patient-cluster bootstrap approximation; finite-sample +1 correction,False
External,Ours,VoCOv2,ACC,0.6506986027944112,0.6207584830339321,0.6792828685258964,65.06986027944112,62.07584830339321,67.92828685258964,4.999750012499375e-05,0.0025998700064996747,52,20000,20000,20260920,ok,centered paired patient-cluster bootstrap approximation; finite-sample +1 correction,True
External,Ours,3DINO,AUC,0.009196467775771988,-0.028091467510443398,0.04546313007162439,0.9196467775771988,-2.8091467510443398,4.546313007162439,0.6229188540572972,1.0,52,20000,20000,20260920,ok,centered paired patient-cluster bootstrap approximation; finite-sample +1 correction,False
External,Ours,3DINO,ACC,0.059880239520958,0.02589641434262946,0.09504950495049502,5.9880239520958,2.589641434262946,9.504950495049503,0.0008999550022498875,0.04139793010349482,52,20000,20000,20260920,ok,centered paired patient-cluster bootstrap approximation; finite-sample +1 correction,True
