file,bytes,sha256
data_partition_manifest.json,305726,244b9637f7c0e34e6c2d0b0c28b72634daddfcab10d776f545afc181e422c70a
main_results.csv,15072,b746ef0f60a59a684bb0aedb4af6d962deec6ca069be1aa1dcb944ea31c1e0bc
paired_comparisons.csv,15243,1a66f86e2abc67a74fb3820474c10707e5ea59d06a1f0fe35dedde129cc27233
README.txt,2847,d629a6a61e0c9c865ee29ce0f02047fbdef66c935fd337110c9c836344701192
Reproducibility/case_mapping.json,265163,f6b64d31f6aa99116c72abf44935b33b0199570eaf923dd88242735a854d453b
Reproducibility/code_provenance.json,1453,f0f3ca405fb80fdbca66878dfe5084fa06da4a76c33fee22542b6559d5831ca9
Reproducibility/evaluation_code_snapshot.zip,497586,baa4256228d0a06f871097ad7a14750f3aebc281c7e352af676749e77ad1230a
Reproducibility/main_statistics.py,28947,e5ec1a874378db073459625efce62a6de49e7a596d345ffa5f7eb35fdff124d1
Reproducibility/metrics_long.csv,32660,0c73eb120140e09258e71697e923291ab01d46ad6d3c827b67fc8220eaff9805
Reproducibility/predictions/3DINO_External.csv,29889,e0be656b9b64e6af63b3718802a2baa0472914f40562e2daab50d16cd5a58db0
Reproducibility/predictions/3DINO_Internal.csv,9806,315441bb55f54fcf692cfade758492f89a14f7843369fe577df1b7cb502be784
Reproducibility/predictions/Chang_External.csv,30027,69220e66395c08999fecc0effd8210e582157fccbfcec3828371a62a3da3a1c5
Reproducibility/predictions/Chang_Internal.csv,9852,a9e349dccd4db48f692cdc9614be183536118577702cc16c6c7355c074aaf7a5
Reproducibility/predictions/CTNet_External.csv,29907,8ebcc1289b3b08c3ffdeec51de7790b645e6a3d6b1f86e6e81942735101b56f8
Reproducibility/predictions/CTNet_Internal.csv,9789,cd7481491c9def10e90a54d1ec91715120e2355c6579de38c8150984b14d9098
Reproducibility/predictions/EViT_External.csv,29982,0d40eaae9a6d9e8e041d447968345649418c6d951e2cc42bbdd7d464ebcebab5
Reproducibility/predictions/EViT_Internal.csv,9790,fc8011ffedd50e5103479b76aa00a1d3246fda7ed3cafff2a933696a56678fc5
Reproducibility/predictions/Liang_External.csv,29904,05051e7c947daeef5544abd6edda1db9073f6320cc288058d1dd31d69f9b54bd
Reproducibility/predictions/Liang_Internal.csv,9765,c39d3e7236e0341095147dc7c917e2a5048681aac5b3cc777b1be8e5b62780b7
Reproducibility/predictions/M3T_External.csv,29796,dbcba5da1c6985df4b272291e38794e8d4716ec03e244a20c5fd0f4afec5b2a1
Reproducibility/predictions/M3T_Internal.csv,9774,a8f95aa41fd08ac7216256174b01ca4615b65ce07c8ee1a8f43cb1014b7e0eb1
Reproducibility/predictions/MambaVision_External.csv,29992,0bef5dd62c29e315d23e34dd53369d20dae9fd184a4f0e5f6c8f620b46490a58
Reproducibility/predictions/MambaVision_Internal.csv,9849,86f945e17532d41988f50a5169b03f3c6d6e166543ef0af476e8ea5d07d0292f
Reproducibility/predictions/MedViT_External.csv,29896,fae91e3c3af88d5cff7d16fd5ace86703e85fa3d233074d4c8a15322d468e181
Reproducibility/predictions/MedViT_Internal.csv,9863,4e38ae3881c2162ffe1a2ddd4fe164d386c8cac5b21048ecef59d06bbb14c421
Reproducibility/predictions/MRS_External.csv,30013,a62f524ab2c2864ee605d31231cb92bde75847baf132fc0141cc72d0dafd3dcf
Reproducibility/predictions/MRS_Internal.csv,9860,323f7815621a4bdaba8ed3dcf703074c5ae98eb61c9f6574fc4df2b5969a8aed
Reproducibility/predictions/Ours_External.csv,30303,b9a724e2c2deee0d36b1c45ac5f5a106f83b8bc53afc6627367ad133695771d9
Reproducibility/predictions/Ours_Internal.csv,9940,08348b3daa11b0fc11d45484c18e021b598b20be3cb2c52e2d38494b39454aaa
Reproducibility/predictions/RepVit_External.csv,29970,b6befb363b9769eb6cf2b51a7111f91430145bee73a5c8d43a02d895cd29a268
Reproducibility/predictions/RepVit_Internal.csv,9865,3ca3dd777b0899895fad060cfb23c3fbb9f5e467840c942b71d9066a257545a9
Reproducibility/predictions/UniRepLKNet_External.csv,29892,aeff0dc1bedd6b6a679049e26662919a143b48458636598dd670a1e73db9355a
Reproducibility/predictions/UniRepLKNet_Internal.csv,9849,9745c40fde11093c5dd4728dcdcd20eae2f869213be621233c970d33e800a3d5
Reproducibility/predictions/VoCOv2_External.csv,29544,da76516721bc7bb69ccae830047eee6ecc6fe15ddefbc3b8ee08b59608fc814d
Reproducibility/predictions/VoCOv2_Internal.csv,9674,ffabe93fa88dce1b07d3bd6f54e0cd280ccb65118ccb6c410a19c30a04968428
Reproducibility/predictions/WSOFNet_External.csv,29787,80a76b3de87a8caec8eb68808c63d04fee0e9ae6df27453196fdaa871ff460f8
Reproducibility/predictions/WSOFNet_Internal.csv,9744,0aa6a2799df823476d379f6666591ac47ba9c6c9d3141a96ad326566360c72a5
Reproducibility/README.txt,2133,451f22a02cbb4feeb28e38c036f482f4cb5bea5f978cace0853df5358f6dd045
Reproducibility/reproduction_validation.json,899,cfb66f7cf4c08c4283fb07c6ca55dead48c0db32676295ca5788f44d3e091ee0
Reproducibility/selected_predictions.json,14837,26c5ffe54e9f437cd2681bb45c4d67b7fa3ee039e16890733e5fedd3aaeef328
Reproducibility/statistics_manifest_schema.md,5001,3c24d87b581b5009f375757769d6825f0689d5e339acc6926e8613bbc6d11330
Reproducibility/timing_measurements_anonymized.csv,36462,b6129bbd2acd87bc2ef036a1f376fb51a536d98ee60c22cbf6b8cf491e2e1421
Reproducibility/ucsf_version_provenance.json,1595,3dec47acd0439bbd2fcea3a4509a92fa61e7ab14fa35be74a0f3ea6d7cc16c78
selected_model_error_profile.csv,577,c84d7a0b3000cab26b0708330f972939a593e87f023171e10fc25c356b410e81
selected_model_subgroups.csv,1247,75018b70cd8519926939150fcf2e00fa1b5025b937bf1bf8f68cb377fe1e9826
timing_results.csv,5252,fbb1a4d4c34c7b3672b26660dfe5efa65b9069be8c12bd52537996ba93edb177
