model,display_name,job_id,status,n_measurements,mean_ms,sd_ms,median_ms,p95_ms,min_ms,max_ms,measurements_with_skipped_crops,gpu_uuid,gpu_name,n_sessions,measurement_sha256,metadata_sha256,reason
Ours,Ours (FinalVersion 2026-06-01),Timing_Ours,completed,30,1145.009158801986,32.08941371027384,1144.6016565314494,1188.5223215038422,1070.9846670506522,1195.1326709822752,0,GPU-7b1925c3-1208-fc85-1239-7faaed562753,NVIDIA GeForce RTX 3090,1,38b192487a238c79a4b3fca59496f26af173c09bb846ba12a4b502b2d29fa7cc,da7fba7285ff2eb72840d16bc15f336b4155d1fdb46aaf1be5d2726e40182529,
EViT,EViT-Small,Timing_EViT,completed,30,329.6354098032073,10.36070644299522,330.0043564813677,344.86803158943076,298.20936801843345,345.92714899918064,0,GPU-7b1925c3-1208-fc85-1239-7faaed562753,NVIDIA GeForce RTX 3090,1,1bf87898afd52212f27d28d8b589b7c51d6204407c5bc7ba9a5d316767d9c931,963996bb0ae62f64cc5c06ed23d7f27686b05d82acf89eb3f6e389cfad19d9b8,
MambaVision,MambaVision,Timing_MambaVision,completed,30,245.49570140273622,9.067913005686343,244.45506851770915,264.55852195213083,223.18046900909394,266.6994429891929,0,GPU-7b1925c3-1208-fc85-1239-7faaed562753,NVIDIA GeForce RTX 3090,1,0f8ce70062f07a2917278cf9a289ccd58a44f7d7bccf31e99e2746d0b3df943d,7e7faaed1fc0f4663d0648965d1500767704a182b658677f150ea67a55178d94,
UniRepLKNet,UniRepLKNet-T,Timing_UniRepLKNet,completed,30,257.5298120325897,16.89115194712714,256.3982315186877,272.59126360877417,222.91181300533935,332.3585130274296,0,GPU-7b1925c3-1208-fc85-1239-7faaed562753,NVIDIA GeForce RTX 3090,1,6bbc4aa9ed4356c8b6ad2abd6d3e3099f0ca87c30ba15501b18c1ef3437f30e8,4bfebd6db546b9e5f63ac2d2b07b8623bbfe89b0a021775b17ac0aaf1ea8caa2,
RepVit,RepVit-m1.5,Timing_RepVit,completed,30,212.37890933601497,16.081128536311763,210.44869450270198,243.10528104251713,165.68996699061245,246.52774399146438,0,GPU-7b1925c3-1208-fc85-1239-7faaed562753,NVIDIA GeForce RTX 3090,1,8c078d7be0dbd3b54d2e4a843f975f9b6066d4215648bfcca953b9632e866895,50bb72b471286448ef344ed7b54ef76fbeb22f104d8cac0e19ee856c8d74e297,
MedViT,MedViT,Timing_MedViT,completed,30,307.1046249727563,11.777557609785632,309.64409149601124,319.2647429095814,275.4675619653426,325.35324699711055,0,GPU-7b1925c3-1208-fc85-1239-7faaed562753,NVIDIA GeForce RTX 3090,1,464710a1935abb86b5c1b9337461770efb1a8c9eff94812bd169e647336312f4,eb3c03d9c6a31ab57cd3957de5088fe015aa70d6bcb8d9ac933b27cf3077d9dd,
M3T,M3T,Timing_M3T,completed,30,1673.4206679995016,4.3244561927689755,1672.8484370105434,1681.8143857672112,1667.8647359949537,1684.4816629891284,0,GPU-7b1925c3-1208-fc85-1239-7faaed562753,NVIDIA GeForce RTX 3090,1,4d20ec04256ee9217948ee361b08787af6c6a59dea22ad6d9fa75bfeb169ef21,4b55adde71c22954cd7bf78b5e120a635682549ba64975447d04f3ec9e99af28,
CTNet,CTNet3D,Timing_CTNet,completed,30,1028.3616506048322,5.73352317684183,1027.2340399969835,1037.6134943158831,1019.909958995413,1043.694079038687,0,GPU-7b1925c3-1208-fc85-1239-7faaed562753,NVIDIA GeForce RTX 3090,1,a05ab825d9462d949628cf1b72d0464ac2aefb92030a227cd522c7a86b56a6bc,131e50bd03eef0ab5007553680d8799f5aea868bdecc1201dcf956d72add7040,
MRS,MRS (Abouyoussef et al.),Timing_MRS,completed,30,324.8056091329393,8.997799035286652,326.39139000093564,337.5469548074761,299.30388898355886,342.89409301709384,0,GPU-7b1925c3-1208-fc85-1239-7faaed562753,NVIDIA GeForce RTX 3090,1,46867a5aae1ad829b1142f320a25412d508d432211ff5e085f6b6ef49d699154,1690d638ef60a7b32c650d3ed16a31d5b3263f6925cd54d009623dde50cc6597,
Liang,3D DenseNet-121 (Liang baseline),Timing_Liang,completed,30,439.0034069326551,6.48598962515097,439.3422750290483,448.0555236368673,423.3066469896585,459.80935398256406,0,GPU-7b1925c3-1208-fc85-1239-7faaed562753,NVIDIA GeForce RTX 3090,1,d268a6774a56b262af04219191cb5d4520dcc6494b2404d83ee01164148f92be,da85214e7d5189ed84d97ce027e4e85ededd6847ce242e42fc09915f212b8b58,
Chang,3D ResNet-50 (Chang baseline),Timing_Chang,completed,30,341.0096812275394,5.978393317955738,342.15674697770737,349.4764585775556,326.2067509931512,353.6983079975471,0,GPU-7b1925c3-1208-fc85-1239-7faaed562753,NVIDIA GeForce RTX 3090,1,a6b4ae40034eb84345dda7e19593864984f47bba902a2643ad3e1fc63c9d900c,05c8d5bf78d0f6882fe89fef8522e8c33baa9706bd8022841e7363c0c80c1253,
WSOFNet,WSOFNet,Timing_WSOFNet,completed,30,1136.1637554616511,14.319297495288684,1135.7070164813194,1162.3392817709828,1099.3664370034821,1162.4567229882814,0,GPU-7b1925c3-1208-fc85-1239-7faaed562753,NVIDIA GeForce RTX 3090,1,eb7830058656384a8367d1d0514988a5caf2b33752ad969acf571f2336d14a9e,ed550b22950e5e657015072fe8e9bd5f41358a7f5d9000cdc7872b97b8aa91ea,
VoCOv2,VoCOv2,Timing_VoCOv2,completed,30,3844.7129932329212,11.259421564839984,3847.8052190039307,3857.7758813422406,3816.3199980044737,3860.261649999302,0,GPU-7b1925c3-1208-fc85-1239-7faaed562753,NVIDIA GeForce RTX 3090,1,b125d4eeca06b3edfac6dffdf8ef2c4138591b1f2d939233861ba0a94eeaa5e3,12a1ff10b75bf214b71668dcb5d69e28b21b0229ae88ddddae82aca25ac60a92,
3DINO,3DINO,Timing_3DINO,completed,30,1130.1660483353771,33.09104162212368,1133.171895518899,1166.9249846076127,1027.865536045283,1211.8534320034087,0,GPU-7b1925c3-1208-fc85-1239-7faaed562753,NVIDIA GeForce RTX 3090,1,302b0f305af368960d9876543a11bbe5d6fb1245b2ece91085a22f08e7e47157,d70c3733d367222eb3180fc1417c74f0073a0957fa59fbd25284cd3d0040ab9d,
