model,display_name,measurement_index,case_uid,label,repeat_index,latency_ms,valid_crops,skipped_windows,probability,pred_class
Ours,Ours (FinalVersion 2026-06-01),1,CASE_I_0001,0,1,1166.1835419945419,8,[],0.013102618046104908,0
Ours,Ours (FinalVersion 2026-06-01),2,CASE_I_0001,0,2,1177.2515550255775,8,[],0.013102618046104908,0
Ours,Ours (FinalVersion 2026-06-01),3,CASE_I_0001,0,3,1182.5258660246618,8,[],0.013102618046104908,0
Ours,Ours (FinalVersion 2026-06-01),4,CASE_I_0002,0,1,1190.477634954732,8,[],0.0018084043404087424,0
Ours,Ours (FinalVersion 2026-06-01),5,CASE_I_0002,0,2,1178.0403660377488,8,[],0.0018084043404087424,0
Ours,Ours (FinalVersion 2026-06-01),6,CASE_I_0002,0,3,1179.6366319758818,8,[],0.0018084043404087424,0
Ours,Ours (FinalVersion 2026-06-01),7,CASE_I_0013,0,1,1165.965645981487,8,[],0.9738526344299316,1
Ours,Ours (FinalVersion 2026-06-01),8,CASE_I_0013,0,2,1168.539573031012,8,[],0.9738526344299316,1
Ours,Ours (FinalVersion 2026-06-01),9,CASE_I_0013,0,3,1195.1326709822752,8,[],0.9738526344299316,1
Ours,Ours (FinalVersion 2026-06-01),10,CASE_I_0016,0,1,1186.1324939527549,8,[],0.009332695044577122,0
Ours,Ours (FinalVersion 2026-06-01),11,CASE_I_0016,0,2,1151.7792660160922,8,[],0.009332695044577122,0
Ours,Ours (FinalVersion 2026-06-01),12,CASE_I_0016,0,3,1180.4519500001334,8,[],0.009332695044577122,0
Ours,Ours (FinalVersion 2026-06-01),13,CASE_I_0018,0,1,1112.1955559938215,8,[],0.042335085570812225,0
Ours,Ours (FinalVersion 2026-06-01),14,CASE_I_0018,0,2,1146.3384950184263,8,[],0.042335085570812225,0
Ours,Ours (FinalVersion 2026-06-01),15,CASE_I_0018,0,3,1142.8648180444725,8,[],0.042335085570812225,0
Ours,Ours (FinalVersion 2026-06-01),16,CASE_I_0088,1,1,1116.8950719875284,8,[],0.005050685256719589,0
Ours,Ours (FinalVersion 2026-06-01),17,CASE_I_0088,1,2,1123.9091149764135,8,[],0.005050685256719589,0
Ours,Ours (FinalVersion 2026-06-01),18,CASE_I_0088,1,3,1122.5446970202029,8,[],0.005050685256719589,0
Ours,Ours (FinalVersion 2026-06-01),19,CASE_I_0096,1,1,1118.7489519943483,8,[],0.9847474694252014,1
Ours,Ours (FinalVersion 2026-06-01),20,CASE_I_0096,1,2,1122.0631719916128,8,[],0.9847474694252014,1
Ours,Ours (FinalVersion 2026-06-01),21,CASE_I_0096,1,3,1116.559774032794,8,[],0.9847474694252014,1
Ours,Ours (FinalVersion 2026-06-01),22,CASE_I_0099,1,1,1110.3975270525552,8,[],0.9593518376350403,1
Ours,Ours (FinalVersion 2026-06-01),23,CASE_I_0099,1,2,1116.3860469823703,8,[],0.9593518376350403,1
Ours,Ours (FinalVersion 2026-06-01),24,CASE_I_0099,1,3,1112.353869015351,8,[],0.9593518376350403,1
Ours,Ours (FinalVersion 2026-06-01),25,CASE_I_0106,1,1,1070.9846670506522,8,[],0.2886100709438324,0
Ours,Ours (FinalVersion 2026-06-01),26,CASE_I_0106,1,2,1125.4924729582854,8,[],0.2886100709438324,0
Ours,Ours (FinalVersion 2026-06-01),27,CASE_I_0106,1,3,1119.4773550378159,8,[],0.2886100709438324,0
Ours,Ours (FinalVersion 2026-06-01),28,CASE_I_0120,1,1,1151.8769599497318,8,[],0.965070366859436,1
Ours,Ours (FinalVersion 2026-06-01),29,CASE_I_0120,1,2,1121.4463799842633,8,[],0.965070366859436,1
Ours,Ours (FinalVersion 2026-06-01),30,CASE_I_0120,1,3,1177.622638992034,8,[],0.965070366859436,1
EViT,EViT-Small,1,CASE_I_0001,0,1,333.4757770062424,8,[],0.3309401869773865,0
EViT,EViT-Small,2,CASE_I_0001,0,2,318.0677990312688,8,[],0.3309401869773865,0
EViT,EViT-Small,3,CASE_I_0001,0,3,325.16431401018053,8,[],0.3309401869773865,0
EViT,EViT-Small,4,CASE_I_0002,0,1,329.85900196945295,8,[],0.07406308501958847,0
EViT,EViT-Small,5,CASE_I_0002,0,2,298.20936801843345,8,[],0.07406308501958847,0
EViT,EViT-Small,6,CASE_I_0002,0,3,335.7834040070884,8,[],0.07406308501958847,0
EViT,EViT-Small,7,CASE_I_0013,0,1,332.0976179675199,8,[],0.19105833768844604,0
EViT,EViT-Small,8,CASE_I_0013,0,2,327.04758003819734,8,[],0.19105833768844604,0
EViT,EViT-Small,9,CASE_I_0013,0,3,334.37867602333426,8,[],0.19105833768844604,0
EViT,EViT-Small,10,CASE_I_0016,0,1,332.56707701366395,8,[],0.09388449043035507,0
EViT,EViT-Small,11,CASE_I_0016,0,2,329.19204799691215,8,[],0.09388449043035507,0
EViT,EViT-Small,12,CASE_I_0016,0,3,328.98922002641484,8,[],0.09388449043035507,0
EViT,EViT-Small,13,CASE_I_0018,0,1,323.7616239930503,8,[],0.23001864552497864,0
EViT,EViT-Small,14,CASE_I_0018,0,2,318.3461140142754,8,[],0.23001864552497864,0
EViT,EViT-Small,15,CASE_I_0018,0,3,342.1706320368685,8,[],0.23001864552497864,0
EViT,EViT-Small,16,CASE_I_0088,1,1,345.92714899918064,8,[],0.030273914337158203,0
EViT,EViT-Small,17,CASE_I_0088,1,2,344.1820649895817,8,[],0.030273914337158203,0
EViT,EViT-Small,18,CASE_I_0088,1,3,336.273136024829,8,[],0.030273914337158203,0
EViT,EViT-Small,19,CASE_I_0096,1,1,310.65576401306316,8,[],0.8766947388648987,1
EViT,EViT-Small,20,CASE_I_0096,1,2,330.1497109932825,8,[],0.8766947388648987,1
EViT,EViT-Small,21,CASE_I_0096,1,3,323.51101899985224,8,[],0.8766947388648987,1
EViT,EViT-Small,22,CASE_I_0099,1,1,323.49344302201644,8,[],0.5743438601493835,1
EViT,EViT-Small,23,CASE_I_0099,1,2,323.80357797956094,8,[],0.5743438601493835,1
EViT,EViT-Small,24,CASE_I_0099,1,3,324.22816898906603,8,[],0.5743438601493835,1
EViT,EViT-Small,25,CASE_I_0106,1,1,331.9033840089105,8,[],0.4486071467399597,0
EViT,EViT-Small,26,CASE_I_0106,1,2,344.1784769529477,8,[],0.4486071467399597,0
EViT,EViT-Small,27,CASE_I_0106,1,3,337.1769560035318,8,[],0.4486071467399597,0
EViT,EViT-Small,28,CASE_I_0120,1,1,327.03072001459077,8,[],0.8191456198692322,1
EViT,EViT-Small,29,CASE_I_0120,1,2,332.00919296359643,8,[],0.8191456198692322,1
EViT,EViT-Small,30,CASE_I_0120,1,3,345.42927698930725,8,[],0.8191456198692322,1
MambaVision,MambaVision,1,CASE_I_0001,0,1,246.9761049724184,8,[],0.07472538948059082,0
MambaVision,MambaVision,2,CASE_I_0001,0,2,238.4969979757443,8,[],0.07472538948059082,0
MambaVision,MambaVision,3,CASE_I_0001,0,3,244.73962001502514,8,[],0.07472538948059082,0
MambaVision,MambaVision,4,CASE_I_0002,0,1,237.6858699717559,8,[],0.019768500700592995,0
MambaVision,MambaVision,5,CASE_I_0002,0,2,250.70031301584095,8,[],0.019768500700592995,0
MambaVision,MambaVision,6,CASE_I_0002,0,3,248.55552799999714,8,[],0.019768500700592995,0
MambaVision,MambaVision,7,CASE_I_0013,0,1,239.75612100912258,8,[],0.40633872151374817,0
MambaVision,MambaVision,8,CASE_I_0013,0,2,263.73331900686026,8,[],0.40633872151374817,0
MambaVision,MambaVision,9,CASE_I_0013,0,3,246.75083003239706,8,[],0.40633872151374817,0
MambaVision,MambaVision,10,CASE_I_0016,0,1,258.0349760246463,8,[],0.02057761698961258,0
MambaVision,MambaVision,11,CASE_I_0016,0,2,242.5314299762249,8,[],0.02057761698961258,0
MambaVision,MambaVision,12,CASE_I_0016,0,3,240.756182000041,8,[],0.02057761698961258,0
MambaVision,MambaVision,13,CASE_I_0018,0,1,242.6105359918438,8,[],0.08752576261758804,0
MambaVision,MambaVision,14,CASE_I_0018,0,2,239.4727210048586,8,[],0.08752576261758804,0
MambaVision,MambaVision,15,CASE_I_0018,0,3,245.9737919853069,8,[],0.08752576261758804,0
MambaVision,MambaVision,16,CASE_I_0088,1,1,246.24949198914692,8,[],0.009299001656472683,0
MambaVision,MambaVision,17,CASE_I_0088,1,2,238.16141701536253,8,[],0.009299001656472683,0
MambaVision,MambaVision,18,CASE_I_0088,1,3,245.21646997891366,8,[],0.009299001656472683,0
MambaVision,MambaVision,19,CASE_I_0096,1,1,239.96626702137291,8,[],0.8614106178283691,1
MambaVision,MambaVision,20,CASE_I_0096,1,2,246.51890702079982,8,[],0.8614106178283691,1
MambaVision,MambaVision,21,CASE_I_0096,1,3,266.6994429891929,8,[],0.8614106178283691,1
MambaVision,MambaVision,22,CASE_I_0099,1,1,247.00206803390756,8,[],0.3195108473300934,0
MambaVision,MambaVision,23,CASE_I_0099,1,2,265.2336879982613,8,[],0.3195108473300934,0
MambaVision,MambaVision,24,CASE_I_0099,1,3,223.18046900909394,8,[],0.3195108473300934,0
MambaVision,MambaVision,25,CASE_I_0106,1,1,244.17051702039316,8,[],0.4609030485153198,0
MambaVision,MambaVision,26,CASE_I_0106,1,2,239.83017599675804,8,[],0.4609030485153198,0
MambaVision,MambaVision,27,CASE_I_0106,1,3,239.01332000968978,8,[],0.4609030485153198,0
MambaVision,MambaVision,28,CASE_I_0120,1,1,241.35492101777345,8,[],0.9397798180580139,1
MambaVision,MambaVision,29,CASE_I_0120,1,2,240.45985797420144,8,[],0.9397798180580139,1
MambaVision,MambaVision,30,CASE_I_0120,1,3,255.03968802513555,8,[],0.9397798180580139,1
UniRepLKNet,UniRepLKNet-T,1,CASE_I_0001,0,1,256.73558795824647,8,[],0.02725154533982277,0
UniRepLKNet,UniRepLKNet-T,2,CASE_I_0001,0,2,256.23762799659744,8,[],0.02725154533982277,0
UniRepLKNet,UniRepLKNet-T,3,CASE_I_0001,0,3,271.90801402321085,8,[],0.02725154533982277,0
UniRepLKNet,UniRepLKNet-T,4,CASE_I_0002,0,1,256.57157599925995,8,[],0.02586512640118599,0
UniRepLKNet,UniRepLKNet-T,5,CASE_I_0002,0,2,257.2963610291481,8,[],0.02586512640118599,0
UniRepLKNet,UniRepLKNet-T,6,CASE_I_0002,0,3,244.79886901099235,8,[],0.02586512640118599,0
UniRepLKNet,UniRepLKNet-T,7,CASE_I_0013,0,1,252.25893798051402,8,[],0.4046857953071594,0
UniRepLKNet,UniRepLKNet-T,8,CASE_I_0013,0,2,244.86416997388005,8,[],0.4046857953071594,0
UniRepLKNet,UniRepLKNet-T,9,CASE_I_0013,0,3,259.69790696399286,8,[],0.4046857953071594,0
UniRepLKNet,UniRepLKNet-T,10,CASE_I_0016,0,1,222.91181300533935,8,[],0.06904800981283188,0
UniRepLKNet,UniRepLKNet-T,11,CASE_I_0016,0,2,252.84198496956378,8,[],0.06904800981283188,0
UniRepLKNet,UniRepLKNet-T,12,CASE_I_0016,0,3,269.42867995239794,8,[],0.06904800981283188,0
UniRepLKNet,UniRepLKNet-T,13,CASE_I_0018,0,1,273.15028599696234,8,[],0.047548599541187286,0
UniRepLKNet,UniRepLKNet-T,14,CASE_I_0018,0,2,253.9368550060317,8,[],0.047548599541187286,0
UniRepLKNet,UniRepLKNet-T,15,CASE_I_0018,0,3,256.59643003018573,8,[],0.047548599541187286,0
UniRepLKNet,UniRepLKNet-T,16,CASE_I_0088,1,1,261.4966849796474,8,[],0.04077340289950371,0
UniRepLKNet,UniRepLKNet-T,17,CASE_I_0088,1,2,243.4453099849634,8,[],0.04077340289950371,0
UniRepLKNet,UniRepLKNet-T,18,CASE_I_0088,1,3,255.70110598346218,8,[],0.04077340289950371,0
UniRepLKNet,UniRepLKNet-T,19,CASE_I_0096,1,1,259.96451801620424,8,[],0.8773523569107056,1
UniRepLKNet,UniRepLKNet-T,20,CASE_I_0096,1,2,254.69070702092722,8,[],0.8773523569107056,1
UniRepLKNet,UniRepLKNet-T,21,CASE_I_0096,1,3,257.50863301800564,8,[],0.8773523569107056,1
UniRepLKNet,UniRepLKNet-T,22,CASE_I_0099,1,1,258.9067310327664,8,[],0.6488900780677795,1
UniRepLKNet,UniRepLKNet-T,23,CASE_I_0099,1,2,258.4049869910814,8,[],0.6488900780677795,1
UniRepLKNet,UniRepLKNet-T,24,CASE_I_0099,1,3,254.75317903328687,8,[],0.6488900780677795,1
UniRepLKNet,UniRepLKNet-T,25,CASE_I_0106,1,1,253.28136997995898,8,[],0.1760961413383484,0
UniRepLKNet,UniRepLKNet-T,26,CASE_I_0106,1,2,254.74362302338704,8,[],0.1760961413383484,0
UniRepLKNet,UniRepLKNet-T,27,CASE_I_0106,1,3,250.34431100357324,8,[],0.1760961413383484,0
UniRepLKNet,UniRepLKNet-T,28,CASE_I_0120,1,1,244.50075294589624,8,[],0.9245684742927551,1
UniRepLKNet,UniRepLKNet-T,29,CASE_I_0120,1,2,332.3585130274296,8,[],0.9245684742927551,1
UniRepLKNet,UniRepLKNet-T,30,CASE_I_0120,1,3,256.5588350407779,8,[],0.9245684742927551,1
RepVit,RepVit-m1.5,1,CASE_I_0001,0,1,246.52774399146438,8,[],0.03394651785492897,0
RepVit,RepVit-m1.5,2,CASE_I_0001,0,2,217.86992897978052,8,[],0.03394651785492897,0
RepVit,RepVit-m1.5,3,CASE_I_0001,0,3,212.67309901304543,8,[],0.03394651785492897,0
RepVit,RepVit-m1.5,4,CASE_I_0002,0,1,212.91115001076832,8,[],0.05197777971625328,0
RepVit,RepVit-m1.5,5,CASE_I_0002,0,2,206.2575599993579,8,[],0.05197777971625328,0
RepVit,RepVit-m1.5,6,CASE_I_0002,0,3,208.93192599760368,8,[],0.05197777971625328,0
RepVit,RepVit-m1.5,7,CASE_I_0013,0,1,216.1287449998781,8,[],0.4734571576118469,0
RepVit,RepVit-m1.5,8,CASE_I_0013,0,2,206.17796800797805,8,[],0.4734571576118469,0
RepVit,RepVit-m1.5,9,CASE_I_0013,0,3,245.43831503251567,8,[],0.4734571576118469,0
RepVit,RepVit-m1.5,10,CASE_I_0016,0,1,226.93588101537898,8,[],4.19245297962334e-05,0
RepVit,RepVit-m1.5,11,CASE_I_0016,0,2,222.37978497287259,8,[],4.19245297962334e-05,0
RepVit,RepVit-m1.5,12,CASE_I_0016,0,3,210.36339399870485,8,[],4.19245297962334e-05,0
RepVit,RepVit-m1.5,13,CASE_I_0018,0,1,206.0888489941135,8,[],0.026871949434280396,0
RepVit,RepVit-m1.5,14,CASE_I_0018,0,2,228.03369601024315,8,[],0.026871949434280396,0
RepVit,RepVit-m1.5,15,CASE_I_0018,0,3,219.4360580178909,8,[],0.026871949434280396,0
RepVit,RepVit-m1.5,16,CASE_I_0088,1,1,200.10819600429386,8,[],0.015628060325980186,0
RepVit,RepVit-m1.5,17,CASE_I_0088,1,2,196.73387898365036,8,[],0.015628060325980186,0
RepVit,RepVit-m1.5,18,CASE_I_0088,1,3,204.02152900351211,8,[],0.015628060325980186,0
RepVit,RepVit-m1.5,19,CASE_I_0096,1,1,240.2537950547412,8,[],0.5427104830741882,1
RepVit,RepVit-m1.5,20,CASE_I_0096,1,2,208.99630599888042,8,[],0.5427104830741882,1
RepVit,RepVit-m1.5,21,CASE_I_0096,1,3,210.53399500669912,8,[],0.5427104830741882,1
RepVit,RepVit-m1.5,22,CASE_I_0099,1,1,165.68996699061245,8,[],0.2844012677669525,0
RepVit,RepVit-m1.5,23,CASE_I_0099,1,2,210.3505529812537,8,[],0.2844012677669525,0
RepVit,RepVit-m1.5,24,CASE_I_0099,1,3,214.68829200603068,8,[],0.2844012677669525,0
RepVit,RepVit-m1.5,25,CASE_I_0106,1,1,219.0892599755898,8,[],0.4505922794342041,0
RepVit,RepVit-m1.5,26,CASE_I_0106,1,2,208.1103390082717,8,[],0.4505922794342041,0
RepVit,RepVit-m1.5,27,CASE_I_0106,1,3,203.80162401124835,8,[],0.4505922794342041,0
RepVit,RepVit-m1.5,28,CASE_I_0120,1,1,196.83854299364612,8,[],0.7937127351760864,1
RepVit,RepVit-m1.5,29,CASE_I_0120,1,2,187.88310803938657,8,[],0.7937127351760864,1
RepVit,RepVit-m1.5,30,CASE_I_0120,1,3,218.11379498103634,8,[],0.7937127351760864,1
MedViT,MedViT,1,CASE_I_0001,0,1,306.5985350403935,8,[],0.024491600692272186,0
MedViT,MedViT,2,CASE_I_0001,0,2,314.4493519794196,8,[],0.024491600692272186,0
MedViT,MedViT,3,CASE_I_0001,0,3,306.78428104147315,8,[],0.024491600692272186,0
MedViT,MedViT,4,CASE_I_0002,0,1,309.24448400037363,8,[],0.12918828427791595,0
MedViT,MedViT,5,CASE_I_0002,0,2,300.46913999831304,8,[],0.12918828427791595,0
MedViT,MedViT,6,CASE_I_0002,0,3,298.3217440196313,8,[],0.12918828427791595,0
MedViT,MedViT,7,CASE_I_0013,0,1,281.3528959522955,8,[],0.7151522040367126,1
MedViT,MedViT,8,CASE_I_0013,0,2,311.8216630537063,8,[],0.7151522040367126,1
MedViT,MedViT,9,CASE_I_0013,0,3,307.44658096227795,8,[],0.7151522040367126,1
MedViT,MedViT,10,CASE_I_0016,0,1,309.73587901098654,8,[],0.04701767489314079,0
MedViT,MedViT,11,CASE_I_0016,0,2,308.0959899816662,8,[],0.04701767489314079,0
MedViT,MedViT,12,CASE_I_0016,0,3,311.1256400006823,8,[],0.04701767489314079,0
MedViT,MedViT,13,CASE_I_0018,0,1,275.4675619653426,8,[],0.1679704338312149,0
MedViT,MedViT,14,CASE_I_0018,0,2,314.58257901249453,8,[],0.1679704338312149,0
MedViT,MedViT,15,CASE_I_0018,0,3,312.1384160476737,8,[],0.1679704338312149,0
MedViT,MedViT,16,CASE_I_0088,1,1,312.3447709949687,8,[],0.06430520862340927,0
MedViT,MedViT,17,CASE_I_0088,1,2,325.35324699711055,8,[],0.06430520862340927,0
MedViT,MedViT,18,CASE_I_0088,1,3,315.42220700066537,8,[],0.06430520862340927,0
MedViT,MedViT,19,CASE_I_0096,1,1,314.76292200386524,8,[],0.9646924734115601,1
MedViT,MedViT,20,CASE_I_0096,1,2,318.9999739988707,8,[],0.9646924734115601,1
MedViT,MedViT,21,CASE_I_0096,1,3,300.13340699952096,8,[],0.9646924734115601,1
MedViT,MedViT,22,CASE_I_0099,1,1,304.5045970357023,8,[],0.6887965202331543,1
MedViT,MedViT,23,CASE_I_0099,1,2,309.55230398103595,8,[],0.6887965202331543,1
MedViT,MedViT,24,CASE_I_0099,1,3,318.7433640123345,8,[],0.6887965202331543,1
MedViT,MedViT,25,CASE_I_0106,1,1,278.71611301088706,8,[],0.4421919286251068,0
MedViT,MedViT,26,CASE_I_0106,1,2,319.4813720183447,8,[],0.4421919286251068,0
MedViT,MedViT,27,CASE_I_0106,1,3,315.1134789804928,8,[],0.4421919286251068,0
MedViT,MedViT,28,CASE_I_0120,1,1,299.7929170378484,8,[],0.9818326234817505,1
MedViT,MedViT,29,CASE_I_0120,1,2,297.7424160344526,8,[],0.9818326234817505,1
MedViT,MedViT,30,CASE_I_0120,1,3,314.8409170098603,8,[],0.9818326234817505,1
M3T,M3T,1,CASE_I_0001,0,1,1672.2049880190752,8,[],0.4353489577770233,0
M3T,M3T,2,CASE_I_0001,0,2,1667.968005000148,8,[],0.4353489577770233,0
M3T,M3T,3,CASE_I_0001,0,3,1674.3267390411347,8,[],0.4353489577770233,0
M3T,M3T,4,CASE_I_0002,0,1,1672.5741660338826,8,[],0.40623533725738525,0
M3T,M3T,5,CASE_I_0002,0,2,1668.5048980289139,8,[],0.40623533725738525,0
M3T,M3T,6,CASE_I_0002,0,3,1674.056867021136,8,[],0.40623533725738525,0
M3T,M3T,7,CASE_I_0013,0,1,1676.1396160000004,8,[],0.43301087617874146,0
M3T,M3T,8,CASE_I_0013,0,2,1684.4816629891284,8,[],0.43301087617874146,0
M3T,M3T,9,CASE_I_0013,0,3,1675.4749359679408,8,[],0.43301087617874146,0
M3T,M3T,10,CASE_I_0016,0,1,1677.1841749432497,8,[],0.09323510527610779,0
M3T,M3T,11,CASE_I_0016,0,2,1667.8647359949537,8,[],0.09323510527610779,0
M3T,M3T,12,CASE_I_0016,0,3,1669.9841339723207,8,[],0.09323510527610779,0
M3T,M3T,13,CASE_I_0018,0,1,1673.114343022462,8,[],0.4936812222003937,0
M3T,M3T,14,CASE_I_0018,0,2,1669.115104014054,8,[],0.4936812222003937,0
M3T,M3T,15,CASE_I_0018,0,3,1669.1174079896882,8,[],0.4936812222003937,0
M3T,M3T,16,CASE_I_0088,1,1,1682.451075001154,8,[],0.039239224046468735,0
M3T,M3T,17,CASE_I_0088,1,2,1681.0362100368366,8,[],0.039239224046468735,0
M3T,M3T,18,CASE_I_0088,1,3,1678.239813016262,8,[],0.039239224046468735,0
M3T,M3T,19,CASE_I_0096,1,1,1669.2969480063766,8,[],0.6701962351799011,1
M3T,M3T,20,CASE_I_0096,1,2,1674.8424120014533,8,[],0.6701962351799011,1
M3T,M3T,21,CASE_I_0096,1,3,1671.584644005634,8,[],0.6701962351799011,1
M3T,M3T,22,CASE_I_0099,1,1,1670.426160970237,8,[],0.7226265668869019,1
M3T,M3T,23,CASE_I_0099,1,2,1675.2502099843696,8,[],0.7226265668869019,1
M3T,M3T,24,CASE_I_0099,1,3,1668.3082850067876,8,[],0.7226265668869019,1
M3T,M3T,25,CASE_I_0106,1,1,1672.5825309986249,8,[],0.479676753282547,0
M3T,M3T,26,CASE_I_0106,1,2,1671.0448099765927,8,[],0.479676753282547,0
M3T,M3T,27,CASE_I_0106,1,3,1669.6648210054263,8,[],0.479676753282547,0
M3T,M3T,28,CASE_I_0120,1,1,1673.8950249855407,8,[],0.7567944526672363,1
M3T,M3T,29,CASE_I_0120,1,2,1675.7951219915412,8,[],0.7567944526672363,1
M3T,M3T,30,CASE_I_0120,1,3,1676.0901949601248,8,[],0.7567944526672363,1
CTNet,CTNet3D,1,CASE_I_0001,0,1,1019.909958995413,8,[],0.25664055347442627,0
CTNet,CTNet3D,2,CASE_I_0001,0,2,1043.694079038687,8,[],0.25664055347442627,0
CTNet,CTNet3D,3,CASE_I_0001,0,3,1034.9755019997247,8,[],0.25664055347442627,0
CTNet,CTNet3D,4,CASE_I_0002,0,1,1029.8180819954723,8,[],0.37698253989219666,0
CTNet,CTNet3D,5,CASE_I_0002,0,2,1026.2942050467245,8,[],0.37698253989219666,0
CTNet,CTNet3D,6,CASE_I_0002,0,3,1031.4602139987983,8,[],0.37698253989219666,0
CTNet,CTNet3D,7,CASE_I_0013,0,1,1024.9469819827937,8,[],0.4776901304721832,0
CTNet,CTNet3D,8,CASE_I_0013,0,2,1036.0962389968336,8,[],0.4776901304721832,0
CTNet,CTNet3D,9,CASE_I_0013,0,3,1029.4564670184627,8,[],0.4776901304721832,0
CTNet,CTNet3D,10,CASE_I_0016,0,1,1027.39077701699,8,[],0.0457036979496479,0
CTNet,CTNet3D,11,CASE_I_0016,0,2,1022.7440420421772,8,[],0.0457036979496479,0
CTNet,CTNet3D,12,CASE_I_0016,0,3,1030.932190013118,8,[],0.0457036979496479,0
CTNet,CTNet3D,13,CASE_I_0018,0,1,1030.4084970266558,8,[],0.29390767216682434,0
CTNet,CTNet3D,14,CASE_I_0018,0,2,1022.5450770230964,8,[],0.29390767216682434,0
CTNet,CTNet3D,15,CASE_I_0018,0,3,1021.6377450269647,8,[],0.29390767216682434,0
CTNet,CTNet3D,16,CASE_I_0088,1,1,1025.1072069513611,8,[],0.10867833346128464,0
CTNet,CTNet3D,17,CASE_I_0088,1,2,1022.7850769879296,8,[],0.10867833346128464,0
CTNet,CTNet3D,18,CASE_I_0088,1,3,1024.9101999797858,8,[],0.10867833346128464,0
CTNet,CTNet3D,19,CASE_I_0096,1,1,1029.5658349641599,8,[],0.690723717212677,1
CTNet,CTNet3D,20,CASE_I_0096,1,2,1032.161150011234,8,[],0.690723717212677,1
CTNet,CTNet3D,21,CASE_I_0096,1,3,1035.8072880189866,8,[],0.690723717212677,1
CTNet,CTNet3D,22,CASE_I_0099,1,1,1023.4884740202688,8,[],0.7025259733200073,1
CTNet,CTNet3D,23,CASE_I_0099,1,2,1024.744192021899,8,[],0.7025259733200073,1
CTNet,CTNet3D,24,CASE_I_0099,1,3,1025.0525049632415,8,[],0.7025259733200073,1
CTNet,CTNet3D,25,CASE_I_0106,1,1,1027.077302976977,8,[],0.32431522011756897,0
CTNet,CTNet3D,26,CASE_I_0106,1,2,1020.9906219970435,8,[],0.32431522011756897,0
CTNet,CTNet3D,27,CASE_I_0106,1,3,1038.8548850314692,8,[],0.32431522011756897,0
CTNet,CTNet3D,28,CASE_I_0120,1,1,1034.498940978665,8,[],0.7358678579330444,1
CTNet,CTNet3D,29,CASE_I_0120,1,2,1029.0253330022097,8,[],0.7358678579330444,1
CTNet,CTNet3D,30,CASE_I_0120,1,3,1024.4704490178265,8,[],0.7358678579330444,1
MRS,MRS (Abouyoussef et al.),1,CASE_I_0001,0,1,302.4574320297688,8,[],0.024512499570846558,0
MRS,MRS (Abouyoussef et al.),2,CASE_I_0001,0,2,328.02800997160375,8,[],0.024512499570846558,0
MRS,MRS (Abouyoussef et al.),3,CASE_I_0001,0,3,326.39973500045016,8,[],0.024512499570846558,0
MRS,MRS (Abouyoussef et al.),4,CASE_I_0002,0,1,325.3660489572212,8,[],0.08785893023014069,0
MRS,MRS (Abouyoussef et al.),5,CASE_I_0002,0,2,326.3830450014211,8,[],0.08785893023014069,0
MRS,MRS (Abouyoussef et al.),6,CASE_I_0002,0,3,331.4924360020086,8,[],0.08785893023014069,0
MRS,MRS (Abouyoussef et al.),7,CASE_I_0013,0,1,325.8505080011673,8,[],0.5662381649017334,1
MRS,MRS (Abouyoussef et al.),8,CASE_I_0013,0,2,323.66004603682086,8,[],0.5662381649017334,1
MRS,MRS (Abouyoussef et al.),9,CASE_I_0013,0,3,329.40400001825765,8,[],0.5662381649017334,1
MRS,MRS (Abouyoussef et al.),10,CASE_I_0016,0,1,310.3922730078921,8,[],0.0006076986901462078,0
MRS,MRS (Abouyoussef et al.),11,CASE_I_0016,0,2,323.9785320474766,8,[],0.0006076986901462078,0
MRS,MRS (Abouyoussef et al.),12,CASE_I_0016,0,3,324.0590809728019,8,[],0.0006076986901462078,0
MRS,MRS (Abouyoussef et al.),13,CASE_I_0018,0,1,327.3196140071377,8,[],0.3386635482311249,0
MRS,MRS (Abouyoussef et al.),14,CASE_I_0018,0,2,326.8519139965065,8,[],0.3386635482311249,0
MRS,MRS (Abouyoussef et al.),15,CASE_I_0018,0,3,323.47345899324864,8,[],0.3386635482311249,0
MRS,MRS (Abouyoussef et al.),16,CASE_I_0088,1,1,324.86048102146015,8,[],0.005375501699745655,0
MRS,MRS (Abouyoussef et al.),17,CASE_I_0088,1,2,323.240335972514,8,[],0.005375501699745655,0
MRS,MRS (Abouyoussef et al.),18,CASE_I_0088,1,3,327.7398230275139,8,[],0.005375501699745655,0
MRS,MRS (Abouyoussef et al.),19,CASE_I_0096,1,1,342.89409301709384,8,[],0.6665316224098206,1
MRS,MRS (Abouyoussef et al.),20,CASE_I_0096,1,2,325.86001901654527,8,[],0.6665316224098206,1
MRS,MRS (Abouyoussef et al.),21,CASE_I_0096,1,3,326.6550089465454,8,[],0.6665316224098206,1
MRS,MRS (Abouyoussef et al.),22,CASE_I_0099,1,1,331.4753500162624,8,[],0.8086729049682617,1
MRS,MRS (Abouyoussef et al.),23,CASE_I_0099,1,2,328.20355595322326,8,[],0.8086729049682617,1
MRS,MRS (Abouyoussef et al.),24,CASE_I_0099,1,3,342.50065201194957,8,[],0.8086729049682617,1
MRS,MRS (Abouyoussef et al.),25,CASE_I_0106,1,1,327.453619975131,8,[],0.033479657024145126,0
MRS,MRS (Abouyoussef et al.),26,CASE_I_0106,1,2,312.06922797719017,8,[],0.033479657024145126,0
MRS,MRS (Abouyoussef et al.),27,CASE_I_0106,1,3,299.30388898355886,8,[],0.033479657024145126,0
MRS,MRS (Abouyoussef et al.),28,CASE_I_0120,1,1,326.892182987649,8,[],0.814483642578125,1
MRS,MRS (Abouyoussef et al.),29,CASE_I_0120,1,2,323.0471999850124,8,[],0.814483642578125,1
MRS,MRS (Abouyoussef et al.),30,CASE_I_0120,1,3,326.85670105274767,8,[],0.814483642578125,1
Liang,3D DenseNet-121 (Liang baseline),1,CASE_I_0001,0,1,459.80935398256406,8,[],0.27283674478530884,0
Liang,3D DenseNet-121 (Liang baseline),2,CASE_I_0001,0,2,437.88874498568475,8,[],0.27283674478530884,0
Liang,3D DenseNet-121 (Liang baseline),3,CASE_I_0001,0,3,438.4184070513584,8,[],0.27283674478530884,0
Liang,3D DenseNet-121 (Liang baseline),4,CASE_I_0002,0,1,437.473772035446,8,[],0.31975412368774414,0
Liang,3D DenseNet-121 (Liang baseline),5,CASE_I_0002,0,2,433.28393303090706,8,[],0.31975412368774414,0
Liang,3D DenseNet-121 (Liang baseline),6,CASE_I_0002,0,3,440.03347598481923,8,[],0.31975412368774414,0
Liang,3D DenseNet-121 (Liang baseline),7,CASE_I_0013,0,1,439.7288460168056,8,[],0.520103931427002,1
Liang,3D DenseNet-121 (Liang baseline),8,CASE_I_0013,0,2,432.43833899032325,8,[],0.520103931427002,1
Liang,3D DenseNet-121 (Liang baseline),9,CASE_I_0013,0,3,433.70350799523294,8,[],0.520103931427002,1
Liang,3D DenseNet-121 (Liang baseline),10,CASE_I_0016,0,1,440.30403200304136,8,[],0.11269310861825943,0
Liang,3D DenseNet-121 (Liang baseline),11,CASE_I_0016,0,2,423.3066469896585,8,[],0.11269310861825943,0
Liang,3D DenseNet-121 (Liang baseline),12,CASE_I_0016,0,3,447.296753001865,8,[],0.11269310861825943,0
Liang,3D DenseNet-121 (Liang baseline),13,CASE_I_0018,0,1,438.955704041291,8,[],0.26037493348121643,0
Liang,3D DenseNet-121 (Liang baseline),14,CASE_I_0018,0,2,439.78139298269525,8,[],0.26037493348121643,0
Liang,3D DenseNet-121 (Liang baseline),15,CASE_I_0018,0,3,434.17026195675135,8,[],0.26037493348121643,0
Liang,3D DenseNet-121 (Liang baseline),16,CASE_I_0088,1,1,441.0379349719733,8,[],0.12665414810180664,0
Liang,3D DenseNet-121 (Liang baseline),17,CASE_I_0088,1,2,430.2364269969985,8,[],0.12665414810180664,0
Liang,3D DenseNet-121 (Liang baseline),18,CASE_I_0088,1,3,448.67633597459644,8,[],0.12665414810180664,0
Liang,3D DenseNet-121 (Liang baseline),19,CASE_I_0096,1,1,440.0539529742673,8,[],0.7232772707939148,1
Liang,3D DenseNet-121 (Liang baseline),20,CASE_I_0096,1,2,441.3885999820195,8,[],0.7232772707939148,1
Liang,3D DenseNet-121 (Liang baseline),21,CASE_I_0096,1,3,441.2362650036812,8,[],0.7232772707939148,1
Liang,3D DenseNet-121 (Liang baseline),22,CASE_I_0099,1,1,440.0962920044549,8,[],0.7632432579994202,1
Liang,3D DenseNet-121 (Liang baseline),23,CASE_I_0099,1,2,440.40301302447915,8,[],0.7632432579994202,1
Liang,3D DenseNet-121 (Liang baseline),24,CASE_I_0099,1,3,437.6354950363748,8,[],0.7632432579994202,1
Liang,3D DenseNet-121 (Liang baseline),25,CASE_I_0106,1,1,438.10044799465686,8,[],0.6340546011924744,1
Liang,3D DenseNet-121 (Liang baseline),26,CASE_I_0106,1,2,434.0813690214418,8,[],0.6340546011924744,1
Liang,3D DenseNet-121 (Liang baseline),27,CASE_I_0106,1,3,444.6079719928093,8,[],0.6340546011924744,1
Liang,3D DenseNet-121 (Liang baseline),28,CASE_I_0120,1,1,446.15129299927503,8,[],0.6224080324172974,1
Liang,3D DenseNet-121 (Liang baseline),29,CASE_I_0120,1,2,433.43760597053915,8,[],0.6224080324172974,1
Liang,3D DenseNet-121 (Liang baseline),30,CASE_I_0120,1,3,436.36603298364207,8,[],0.6224080324172974,1
Chang,3D ResNet-50 (Chang baseline),1,CASE_I_0001,0,1,341.1335339769721,8,[],0.5840420126914978,1
Chang,3D ResNet-50 (Chang baseline),2,CASE_I_0001,0,2,340.25422000559047,8,[],0.5840420126914978,1
Chang,3D ResNet-50 (Chang baseline),3,CASE_I_0001,0,3,333.78760796040297,8,[],0.5840420126914978,1
Chang,3D ResNet-50 (Chang baseline),4,CASE_I_0002,0,1,353.6983079975471,8,[],0.1396102011203766,0
Chang,3D ResNet-50 (Chang baseline),5,CASE_I_0002,0,2,343.5469690011814,8,[],0.1396102011203766,0
Chang,3D ResNet-50 (Chang baseline),6,CASE_I_0002,0,3,339.20984697761014,8,[],0.1396102011203766,0
Chang,3D ResNet-50 (Chang baseline),7,CASE_I_0013,0,1,345.11632000794634,8,[],0.7201312780380249,1
Chang,3D ResNet-50 (Chang baseline),8,CASE_I_0013,0,2,342.7832709858194,8,[],0.7201312780380249,1
Chang,3D ResNet-50 (Chang baseline),9,CASE_I_0013,0,3,345.5811660387553,8,[],0.7201312780380249,1
Chang,3D ResNet-50 (Chang baseline),10,CASE_I_0016,0,1,342.8304910194129,8,[],0.013132162392139435,0
Chang,3D ResNet-50 (Chang baseline),11,CASE_I_0016,0,2,350.4086790489964,8,[],0.013132162392139435,0
Chang,3D ResNet-50 (Chang baseline),12,CASE_I_0016,0,3,337.22182194469497,8,[],0.013132162392139435,0
Chang,3D ResNet-50 (Chang baseline),13,CASE_I_0018,0,1,343.51017797598615,8,[],0.12943483889102936,0
Chang,3D ResNet-50 (Chang baseline),14,CASE_I_0018,0,2,336.1633849563077,8,[],0.12943483889102936,0
Chang,3D ResNet-50 (Chang baseline),15,CASE_I_0018,0,3,344.3542110035196,8,[],0.12943483889102936,0
Chang,3D ResNet-50 (Chang baseline),16,CASE_I_0088,1,1,342.31199097121134,8,[],0.009144905023276806,0
Chang,3D ResNet-50 (Chang baseline),17,CASE_I_0088,1,2,339.42588401259854,8,[],0.009144905023276806,0
Chang,3D ResNet-50 (Chang baseline),18,CASE_I_0088,1,3,339.8050419637002,8,[],0.009144905023276806,0
Chang,3D ResNet-50 (Chang baseline),19,CASE_I_0096,1,1,342.0015029842034,8,[],0.6061030626296997,1
Chang,3D ResNet-50 (Chang baseline),20,CASE_I_0096,1,2,326.2067509931512,8,[],0.6061030626296997,1
Chang,3D ResNet-50 (Chang baseline),21,CASE_I_0096,1,3,346.1496930103749,8,[],0.6061030626296997,1
Chang,3D ResNet-50 (Chang baseline),22,CASE_I_0099,1,1,337.63943100348115,8,[],0.8548588156700134,1
Chang,3D ResNet-50 (Chang baseline),23,CASE_I_0099,1,2,327.9929109849036,8,[],0.8548588156700134,1
Chang,3D ResNet-50 (Chang baseline),24,CASE_I_0099,1,3,343.04966195486486,8,[],0.8548588156700134,1
Chang,3D ResNet-50 (Chang baseline),25,CASE_I_0106,1,1,339.74555804161355,8,[],0.6934607028961182,1
Chang,3D ResNet-50 (Chang baseline),26,CASE_I_0106,1,2,336.2278310232796,8,[],0.6934607028961182,1
Chang,3D ResNet-50 (Chang baseline),27,CASE_I_0106,1,3,344.63113598758355,8,[],0.6934607028961182,1
Chang,3D ResNet-50 (Chang baseline),28,CASE_I_0120,1,1,348.33707800135016,8,[],0.9922777414321899,1
Chang,3D ResNet-50 (Chang baseline),29,CASE_I_0120,1,2,332.06209301715717,8,[],0.9922777414321899,1
Chang,3D ResNet-50 (Chang baseline),30,CASE_I_0120,1,3,345.1038639759645,8,[],0.9922777414321899,1
WSOFNet,WSOFNet,1,CASE_I_0001,0,1,1128.3959999564104,8,[],0.3587690591812134,0
WSOFNet,WSOFNet,2,CASE_I_0001,0,2,1129.8320339992642,8,[],0.3587690591812134,0
WSOFNet,WSOFNet,3,CASE_I_0001,0,3,1140.4208159656264,8,[],0.3587690591812134,0
WSOFNet,WSOFNet,4,CASE_I_0002,0,1,1130.0956099876203,8,[],0.31973350048065186,0
WSOFNet,WSOFNet,5,CASE_I_0002,0,2,1099.3664370034821,8,[],0.31973350048065186,0
WSOFNet,WSOFNet,6,CASE_I_0002,0,3,1137.1991990017705,8,[],0.31973350048065186,0
WSOFNet,WSOFNet,7,CASE_I_0013,0,1,1139.1583789954893,8,[],0.45534747838974,0
WSOFNet,WSOFNet,8,CASE_I_0013,0,2,1141.1306849913672,8,[],0.45534747838974,0
WSOFNet,WSOFNet,9,CASE_I_0013,0,3,1140.106917009689,8,[],0.45534747838974,0
WSOFNet,WSOFNet,10,CASE_I_0016,0,1,1162.4094570288435,8,[],0.17441587150096893,0
WSOFNet,WSOFNet,11,CASE_I_0016,0,2,1138.6917859781533,8,[],0.17441587150096893,0
WSOFNet,WSOFNet,12,CASE_I_0016,0,3,1128.072623978369,8,[],0.17441587150096893,0
WSOFNet,WSOFNet,13,CASE_I_0018,0,1,1132.5253230170347,8,[],0.4308466613292694,0
WSOFNet,WSOFNet,14,CASE_I_0018,0,2,1125.4003049689345,8,[],0.4308466613292694,0
WSOFNet,WSOFNet,15,CASE_I_0018,0,3,1105.1598130143248,8,[],0.4308466613292694,0
WSOFNet,WSOFNet,16,CASE_I_0088,1,1,1137.0995169854723,8,[],0.11836551874876022,0
WSOFNet,WSOFNet,17,CASE_I_0088,1,2,1129.546443989966,8,[],0.11836551874876022,0
WSOFNet,WSOFNet,18,CASE_I_0088,1,3,1158.6866090074182,8,[],0.11836551874876022,0
WSOFNet,WSOFNet,19,CASE_I_0096,1,1,1134.9197249510325,8,[],0.49537721276283264,0
WSOFNet,WSOFNet,20,CASE_I_0096,1,2,1130.6836149888113,8,[],0.49537721276283264,0
WSOFNet,WSOFNet,21,CASE_I_0096,1,3,1145.412553974893,8,[],0.49537721276283264,0
WSOFNet,WSOFNet,22,CASE_I_0099,1,1,1136.4943080116063,8,[],0.48993510007858276,0
WSOFNet,WSOFNet,23,CASE_I_0099,1,2,1130.7321419590153,8,[],0.48993510007858276,0
WSOFNet,WSOFNet,24,CASE_I_0099,1,3,1133.2298580091447,8,[],0.48993510007858276,0
WSOFNet,WSOFNet,25,CASE_I_0106,1,1,1162.4567229882814,8,[],0.3736378848552704,0
WSOFNet,WSOFNet,26,CASE_I_0106,1,2,1149.7671509860083,8,[],0.3736378848552704,0
WSOFNet,WSOFNet,27,CASE_I_0106,1,3,1128.019457042683,8,[],0.3736378848552704,0
WSOFNet,WSOFNet,28,CASE_I_0120,1,1,1162.2535120113753,8,[],0.6744804382324219,1
WSOFNet,WSOFNet,29,CASE_I_0120,1,2,1123.9764550118707,8,[],0.6744804382324219,1
WSOFNet,WSOFNet,30,CASE_I_0120,1,3,1143.6692090355791,8,[],0.6744804382324219,1
VoCOv2,VoCOv2,1,CASE_I_0001,0,1,3816.3199980044737,8,[],0.8255460858345032,1
VoCOv2,VoCOv2,2,CASE_I_0001,0,2,3817.5425860099494,8,[],0.8255460858345032,1
VoCOv2,VoCOv2,3,CASE_I_0001,0,3,3821.057569992263,8,[],0.8255460858345032,1
VoCOv2,VoCOv2,4,CASE_I_0002,0,1,3824.8635529889725,8,[],0.7021435499191284,1
VoCOv2,VoCOv2,5,CASE_I_0002,0,2,3842.479530023411,8,[],0.7021435499191284,1
VoCOv2,VoCOv2,6,CASE_I_0002,0,3,3848.8312799599953,8,[],0.7021435499191284,1
VoCOv2,VoCOv2,7,CASE_I_0013,0,1,3843.912736978382,8,[],0.9427905678749084,1
VoCOv2,VoCOv2,8,CASE_I_0013,0,2,3842.1686200308613,8,[],0.9427905678749084,1
VoCOv2,VoCOv2,9,CASE_I_0013,0,3,3856.7974109901115,8,[],0.9427905678749084,1
VoCOv2,VoCOv2,10,CASE_I_0016,0,1,3849.053706973791,8,[],0.6260128021240234,1
VoCOv2,VoCOv2,11,CASE_I_0016,0,2,3840.221995022148,8,[],0.6260128021240234,1
VoCOv2,VoCOv2,12,CASE_I_0016,0,3,3838.3751130313613,8,[],0.6260128021240234,1
VoCOv2,VoCOv2,13,CASE_I_0018,0,1,3845.1810799888335,8,[],0.7448230981826782,1
VoCOv2,VoCOv2,14,CASE_I_0018,0,2,3853.6287440219894,8,[],0.7448230981826782,1
VoCOv2,VoCOv2,15,CASE_I_0018,0,3,3847.5014860159718,8,[],0.7448230981826782,1
VoCOv2,VoCOv2,16,CASE_I_0088,1,1,3848.5992249916308,8,[],0.41761812567710876,0
VoCOv2,VoCOv2,17,CASE_I_0088,1,2,3850.932343979366,8,[],0.41761812567710876,0
VoCOv2,VoCOv2,18,CASE_I_0088,1,3,3850.9464010130614,8,[],0.41761812567710876,0
VoCOv2,VoCOv2,19,CASE_I_0096,1,1,3841.3216559565626,8,[],0.9811739921569824,1
VoCOv2,VoCOv2,20,CASE_I_0096,1,2,3860.261649999302,8,[],0.9811739921569824,1
VoCOv2,VoCOv2,21,CASE_I_0096,1,3,3844.1305240266956,8,[],0.9811739921569824,1
VoCOv2,VoCOv2,22,CASE_I_0099,1,1,3845.9751139744185,8,[],0.9849429130554199,1
VoCOv2,VoCOv2,23,CASE_I_0099,1,2,3849.373803997878,8,[],0.9849429130554199,1
VoCOv2,VoCOv2,24,CASE_I_0099,1,3,3855.125650006812,8,[],0.9849429130554199,1
VoCOv2,VoCOv2,25,CASE_I_0106,1,1,3852.0560970064253,8,[],0.8941850066184998,1
VoCOv2,VoCOv2,26,CASE_I_0106,1,2,3853.453168005217,8,[],0.8941850066184998,1
VoCOv2,VoCOv2,27,CASE_I_0106,1,3,3858.5764479939826,8,[],0.8941850066184998,1
VoCOv2,VoCOv2,28,CASE_I_0120,1,1,3849.679878971074,8,[],0.9719065427780151,1
VoCOv2,VoCOv2,29,CASE_I_0120,1,2,3844.913475040812,8,[],0.9719065427780151,1
VoCOv2,VoCOv2,30,CASE_I_0120,1,3,3848.1089519918896,8,[],0.9719065427780151,1
3DINO,3DINO,1,CASE_I_0001,0,1,1151.4779650024138,8,[],0.08664017915725708,0
3DINO,3DINO,2,CASE_I_0001,0,2,1152.6109909755178,8,[],0.08664017915725708,0
3DINO,3DINO,3,CASE_I_0001,0,3,1027.865536045283,8,[],0.08664017915725708,0
3DINO,3DINO,4,CASE_I_0002,0,1,1064.433357969392,8,[],0.1001773402094841,0
3DINO,3DINO,5,CASE_I_0002,0,2,1133.47037602216,8,[],0.1001773402094841,0
3DINO,3DINO,6,CASE_I_0002,0,3,1150.277822976932,8,[],0.1001773402094841,0
3DINO,3DINO,7,CASE_I_0013,0,1,1157.8276749933138,8,[],0.7200375199317932,1
3DINO,3DINO,8,CASE_I_0013,0,2,1211.8534320034087,8,[],0.7200375199317932,1
3DINO,3DINO,9,CASE_I_0013,0,3,1115.6859730253927,8,[],0.7200375199317932,1
3DINO,3DINO,10,CASE_I_0016,0,1,1161.1380869871937,8,[],0.06679116189479828,0
3DINO,3DINO,11,CASE_I_0016,0,2,1156.18039900437,8,[],0.06679116189479828,0
3DINO,3DINO,12,CASE_I_0016,0,3,1134.7749090055004,8,[],0.06679116189479828,0
3DINO,3DINO,13,CASE_I_0018,0,1,1086.8504579993896,8,[],0.22281883656978607,0
3DINO,3DINO,14,CASE_I_0018,0,2,1137.013180006761,8,[],0.22281883656978607,0
3DINO,3DINO,15,CASE_I_0018,0,3,1135.4950919630937,8,[],0.22281883656978607,0
3DINO,3DINO,16,CASE_I_0088,1,1,1132.8734150156379,8,[],0.04559362307190895,0
3DINO,3DINO,17,CASE_I_0088,1,2,1156.8307600100525,8,[],0.04559362307190895,0
3DINO,3DINO,18,CASE_I_0088,1,3,1124.2145159631036,8,[],0.04559362307190895,0
3DINO,3DINO,19,CASE_I_0096,1,1,1125.4589629825205,8,[],0.6903280019760132,1
3DINO,3DINO,20,CASE_I_0096,1,2,1124.7479600133374,8,[],0.6903280019760132,1
3DINO,3DINO,21,CASE_I_0096,1,3,1129.5948160113767,8,[],0.6903280019760132,1
3DINO,3DINO,22,CASE_I_0099,1,1,1135.4756170185283,8,[],0.7972387671470642,1
3DINO,3DINO,23,CASE_I_0099,1,2,1117.7614880143665,8,[],0.7972387671470642,1
3DINO,3DINO,24,CASE_I_0099,1,3,1098.7638900405727,8,[],0.7972387671470642,1
3DINO,3DINO,25,CASE_I_0106,1,1,1122.7184239542112,8,[],0.8447549343109131,1
3DINO,3DINO,26,CASE_I_0106,1,2,1126.4953479985707,8,[],0.8447549343109131,1
3DINO,3DINO,27,CASE_I_0106,1,3,1171.6597190243192,8,[],0.8447549343109131,1
3DINO,3DINO,28,CASE_I_0120,1,1,1110.435029026121,8,[],0.9467064738273621,1
3DINO,3DINO,29,CASE_I_0120,1,2,1133.9295780053362,8,[],0.9467064738273621,1
3DINO,3DINO,30,CASE_I_0120,1,3,1117.066673003137,8,[],0.9467064738273621,1
