cohort,model,display_name,status,reason,ACC,ACC_ci_low,ACC_ci_high,AUC,AUC_ci_low,AUC_ci_high,Specificity,Specificity_ci_low,Specificity_ci_high,Sensitivity,Sensitivity_ci_low,Sensitivity_ci_high,BA,BA_ci_low,BA_ci_high,PPV,PPV_ci_low,PPV_ci_high,NPV,NPV_ci_low,NPV_ci_high,F1,F1_ci_low,F1_ci_high,AP,AP_ci_low,AP_ci_high
Internal,Ours,Ours (FinalVersion 2026-06-01),valid,,0.9447852760736196,0.9141104294478528,0.9754601226993865,0.9400386847195358,0.8660138620245004,0.9843729851708575,0.9787234042553191,0.9645390070921985,1.0,0.7272727272727273,0.5454545454545454,0.8874999999999996,0.8529980657640233,0.7602272727272726,0.9364804964539005,0.8421052631578947,0.7291666666666666,1.0,0.9583333333333334,0.9321911196911197,0.9825349650349651,0.7804878048780488,0.6396870554765292,0.9025,0.7970162430792794,0.6265674271354456,0.9351396391227608
Internal,EViT,EViT-Small,valid,,0.9202453987730062,0.8834355828220859,0.9570552147239264,0.8707285622179239,0.7340506125080594,0.9567053513862024,0.9574468085106383,0.9148936170212766,0.9858156028368794,0.6818181818181818,0.5,0.8420454545454542,0.8196324951644101,0.725,0.9029376208897485,0.7142857142857143,0.5624782608695652,0.8999999999999999,0.9507042253521126,0.9241081621004567,0.9751233679448956,0.6976744186046512,0.5444732745199793,0.8334373227453205,0.6687001374085314,0.5331432091148671,0.8733033566962137
Internal,MambaVision,MambaVision,valid,,0.9263803680981595,0.8924846625766871,0.9570552147239264,0.8865248226950354,0.7581318504190845,0.9665941328175369,0.9787234042553191,0.9574468085106383,1.0,0.5909090909090909,0.4090909090909091,0.7965909090909087,0.784816247582205,0.6972759509993552,0.891203255963894,0.8125,0.6375000000000001,1.0,0.9387755102040817,0.9144418473791283,0.9688216297591297,0.6842105263157895,0.534697933227345,0.8251094434021262,0.7826257524430534,0.609583712898957,0.9149820379425643
Internal,UniRepLKNet,UniRepLKNet-T,valid,,0.9202453987730062,0.874079754601227,0.950920245398773,0.8961960025789814,0.7905625402965829,0.960888136686009,0.9574468085106383,0.925354609929078,0.9858156028368794,0.6818181818181818,0.45454545454545453,0.8181818181818182,0.8196324951644101,0.6970422308188265,0.8967682140554482,0.7142857142857143,0.5354066985645932,0.8823529411764706,0.9507042253521126,0.9169396551724137,0.9717360903006692,0.6976744186046512,0.49359756097560975,0.8181818181818182,0.7479278822084283,0.549827601726731,0.878742881645586
Internal,RepVit,RepVit-m1.5,valid,,0.9263803680981595,0.8924846625766871,0.9602760736196319,0.9013539651837524,0.8000161186331399,0.9747823984526112,0.9645390070921985,0.9361702127659575,0.9858156028368794,0.6818181818181818,0.47613636363636364,0.8420454545454542,0.8231785944551901,0.729291586073501,0.9019987105093488,0.75,0.6025349650349651,0.9047727272727272,0.951048951048951,0.9232110316014045,0.9750466200466199,0.7142857142857143,0.5895053475935829,0.854255319148936,0.7378757072189704,0.552703130613547,0.8817146095822563
Internal,MedViT,MedViT,valid,,0.9141104294478528,0.8647239263803681,0.9418711656441717,0.9094132817537073,0.8119600257898131,0.9713491295938104,0.9432624113475178,0.9078014184397163,0.9787234042553191,0.7272727272727273,0.5215909090909091,0.8636363636363636,0.8352675693101226,0.7292351708575113,0.9054883945841392,0.6666666666666666,0.4973832528180354,0.837938596491228,0.9568345323741008,0.926243842364532,0.9780314009661836,0.6956521739130435,0.54125,0.782608695652174,0.7792086901759441,0.6151234724948867,0.9125785941340802
Internal,M3T,M3T,valid,,0.9325153374233128,0.8957055214723927,0.9631901840490797,0.8871695680206318,0.7517327530625403,0.9658446163765313,0.9645390070921985,0.9361702127659575,0.9929078014184397,0.7272727272727273,0.5215909090909091,0.8636363636363636,0.8459058671824629,0.7434195680206318,0.9142649903288201,0.7619047619047619,0.596111111111111,0.9375,0.9577464788732394,0.9282554996271439,0.9784239130434782,0.7441860465116279,0.5923170731707317,0.8571428571428571,0.7326858329677443,0.5126748125241855,0.8627644395295085
Internal,CTNet,CTNet3D,valid,,0.9386503067484663,0.901840490797546,0.9693251533742331,0.8955512572533849,0.8005641521598968,0.9619761444229528,0.9787234042553191,0.9608156028368794,1.0,0.6818181818181818,0.5,0.8420454545454542,0.8302707930367504,0.7322695035460993,0.9118915215989684,0.8333333333333334,0.6875,1.0,0.9517241379310345,0.9251700680272109,0.9755555555555555,0.75,0.5789473684210527,0.8750781738586616,0.6862959458650102,0.5315596226841338,0.8654343469450757
Internal,MRS,MRS (Abouyoussef et al.),valid,,0.9386503067484663,0.9015337423312884,0.9664110429447852,0.9016763378465507,0.7927063185041908,0.979819471308833,0.9645390070921985,0.9432624113475178,0.9858156028368794,0.7727272727272727,0.5670454545454545,0.9090909090909091,0.8686331399097356,0.7695156350741457,0.9422227595099936,0.7727272727272727,0.619,0.8975,0.9645390070921985,0.9350442684063374,0.9856654676258993,0.7727272727272727,0.6432144910868316,0.8707357859531772,0.7920729116296884,0.6319979148901513,0.920732631057195
Internal,Liang,3D DenseNet-121 (Liang baseline),valid,,0.9325153374233128,0.8895705521472392,0.9631901840490797,0.9078014184397163,0.8090747904577692,0.9777159896840747,0.950354609929078,0.9219858156028369,0.9787234042553191,0.8181818181818182,0.6579545454545455,0.9545454545454546,0.8842682140554481,0.8022928755641522,0.9597195357833656,0.72,0.5946428571428571,0.8442307692307691,0.9710144927536232,0.9466312056737589,0.9927030051150895,0.7659574468085106,0.6446678321678322,0.8750434782608695,0.8019361687069826,0.6547977689521807,0.9228330990937205
Internal,Chang,3D ResNet-50 (Chang baseline),valid,,0.8895705521472392,0.8466257668711656,0.9263803680981595,0.9142488716956803,0.8118391360412637,0.9683188265635074,0.9148936170212766,0.8652482269503546,0.9540780141843972,0.7272727272727273,0.5454545454545454,0.8874999999999996,0.821083172147002,0.7229045776918117,0.9025265957446809,0.5714285714285714,0.44938455008488964,0.7054347826086955,0.9555555555555556,0.9269767689684569,0.9813049095607235,0.64,0.5050531914893617,0.7552499999999999,0.7552199985909717,0.5762420416520784,0.8777183827702238
Internal,WSOFNet,WSOFNet,valid,,0.9141104294478528,0.874079754601227,0.9483128834355827,0.8646034816247582,0.7229690522243714,0.9565602836879432,0.9645390070921985,0.9324468085106383,0.9929078014184397,0.5909090909090909,0.38522727272727275,0.7727272727272727,0.7777240490006447,0.673553352675693,0.8686331399097356,0.7222222222222222,0.5418300653594772,0.9164335664335663,0.9379310344827586,0.90935021629416,0.9645390070921985,0.65,0.48484848484848486,0.7978146853146849,0.751655221051963,0.5926494954832925,0.8912450199196215
Internal,VoCOv2,VoCOv2,valid,,0.48466257668711654,0.40168711656441713,0.5460122699386503,0.9032882011605415,0.8113072211476466,0.9611621534493875,0.41134751773049644,0.31542553191489364,0.48226950354609927,0.9545454545454546,0.8397727272727273,1.0,0.6829464861379755,0.5972638620245003,0.7375886524822695,0.20192307692307693,0.16803683385579937,0.22916666666666666,0.9830508474576272,0.9333333333333333,1.0,0.3333333333333333,0.2813076416337286,0.3728813559322034,0.7309415269230937,0.5616953962066554,0.8700408241463214
Internal,3DINO,3DINO,valid,,0.9202453987730062,0.8802147239263804,0.9570552147239264,0.8865248226950354,0.7601144422952933,0.9750322372662799,0.9361702127659575,0.8936170212765957,0.9682624113475177,0.8181818181818182,0.6579545454545455,0.9545454545454546,0.8771760154738879,0.7901474854932301,0.9526273372018053,0.6666666666666666,0.5379971590909091,0.7960416666666666,0.9705882352941176,0.9453356432501058,0.9925949297629499,0.7346938775510204,0.6078804347826087,0.854255319148936,0.7841137850926047,0.6336365634856408,0.9111343945816959
External,Ours,Ours (FinalVersion 2026-06-01),valid,,0.8762475049900199,0.8507226618192187,0.9028475903614458,0.8805922817973362,0.8385000611974479,0.9166451400892315,0.9447236180904522,0.9230974950510127,0.9698528436961421,0.6116504854368932,0.5436893203883495,0.7041262135922329,0.7781870517636726,0.7420656071620237,0.8331289281259935,0.7411764705882353,0.6574230205278592,0.8462271905309879,0.9038461538461539,0.8887205882352941,0.9261395295528283,0.6702127659574468,0.6073298429319371,0.7525735294117647,0.682477087770715,0.5971850989730461,0.7845466771751255
External,EViT,EViT-Small,valid,,0.8063872255489022,0.7912524850894632,0.8190149042384678,0.840927940674245,0.7925836030204962,0.8771588128750549,0.9874371859296482,0.9772121596677434,0.9988125,0.10679611650485436,0.038834951456310676,0.17475728155339806,0.5471166512172513,0.5143278500936376,0.5774531681788169,0.6875,0.4407986111111111,0.9524999999999991,0.8103092783505155,0.7993817288188485,0.8210526315789474,0.18487394957983194,0.07204545454545454,0.2791947115384615,0.5758889750576829,0.5009596912148091,0.6894630771901348
External,MambaVision,MambaVision,valid,,0.8323353293413174,0.8073765299292408,0.8563011952191235,0.8293408791530468,0.783921434450192,0.8711258708109644,0.9195979899497487,0.8969713326136499,0.9420786142571619,0.49514563106796117,0.4077669902912621,0.5973300970873785,0.7073718105088549,0.6592068417633736,0.7585254984290768,0.6144578313253012,0.5383165124754696,0.6950785024154589,0.8755980861244019,0.8555735294117647,0.8983620689655172,0.5483870967741935,0.46693186984477497,0.6273318527918781,0.6084443872267326,0.5277753832442476,0.6916836396410245
External,UniRepLKNet,UniRepLKNet-T,valid,,0.8383233532934131,0.8119425910814573,0.8715637450199203,0.8351466068205103,0.7957742411208062,0.8748663822692948,0.9246231155778895,0.9005881180223285,0.9523809523809523,0.5048543689320388,0.42718446601941745,0.5922330097087378,0.7147387422549641,0.671232049006116,0.7667743387595202,0.6341463414634146,0.5538662790697675,0.7456018518518518,0.8782816229116945,0.860213983897676,0.8988483298941019,0.5621621621621622,0.48744391173397256,0.6527501909854851,0.5583405104916065,0.48646888707835295,0.6581850524043491
External,RepVit,RepVit-m1.5,valid,,0.8303393213572854,0.8052208835341366,0.8640130560522242,0.8142898960823535,0.7694696029848735,0.8627132150765263,0.9045226130653267,0.8798446490218642,0.9324535175879397,0.5436893203883495,0.4609223300970874,0.6555825242718446,0.7241059667268381,0.6803838493277247,0.7805641211106036,0.5957446808510638,0.5300572289156626,0.6849324125771378,0.8845208845208845,0.8651960784313726,0.9101479722323712,0.5685279187817259,0.498639896373057,0.6582948717948718,0.6047951573534915,0.5361007946313603,0.6990846323201163
External,MedViT,MedViT,valid,,0.8083832335329342,0.7761841600996431,0.8388816633266533,0.842879445772552,0.8001565013071212,0.8892970971854467,0.8492462311557789,0.8158771277001755,0.8852903759302844,0.6504854368932039,0.558009708737864,0.7332524271844659,0.7498658340244915,0.6995740397186645,0.7981937106940156,0.5275590551181102,0.46496394230769234,0.5931514128532133,0.9037433155080213,0.8793392684108527,0.9252473902473902,0.5826086956521739,0.5119079204057745,0.6536571471973264,0.5757815058772647,0.486806352519545,0.6695983898049052
External,M3T,M3T,valid,,0.8403193612774451,0.80789971327414,0.8692871827153312,0.8760794262575011,0.8407864320996666,0.907481468818221,0.8793969849246231,0.8501776807980049,0.911626757644358,0.6893203883495146,0.5968446601941747,0.7766990291262136,0.7843586866370689,0.7390962651497861,0.8291400889463234,0.5966386554621849,0.5257921640843282,0.6731975967957275,0.9162303664921466,0.8937926856486943,0.9385317057136027,0.6396396396396397,0.5763304358086847,0.7035020936429387,0.6927807201848284,0.6046175525023217,0.7639998464390028
External,CTNet,CTNet3D,valid,,0.8263473053892215,0.810137667968095,0.8392035928143712,0.838952041762209,0.8119888754045308,0.8770452384494479,0.9874371859296482,0.9772425201380898,0.9974622346764582,0.20388349514563106,0.1308252427184466,0.2621359223300971,0.5956603405376396,0.5585319590908436,0.6247239910677166,0.8076923076923077,0.6723214285714285,0.9523863636363636,0.8273684210526315,0.8146143566246659,0.8381341015288301,0.32558139534883723,0.2209399986561849,0.4,0.5904895992829508,0.5291293865900584,0.6718876013065808
External,MRS,MRS (Abouyoussef et al.),valid,,0.8582834331337326,0.8325150300601203,0.8852586883508567,0.8867883104844612,0.8460313957886773,0.9242436873341998,0.907035175879397,0.8826695799302852,0.9307135360346034,0.6699029126213593,0.587135922330097,0.7572815533980582,0.7884690442503781,0.7415598811957077,0.8335578264440522,0.6509433962264151,0.5969177431610942,0.7136574074074074,0.9139240506329114,0.8941336311185557,0.9346523334973753,0.6602870813397129,0.5877876970288742,0.724437491372567,0.7172906414050959,0.6454416202420927,0.8023357412625625
External,Liang,3D DenseNet-121 (Liang baseline),valid,,0.7984031936127745,0.7896138170974155,0.805624209747835,0.7943113626384349,0.754570035292026,0.8401823988316246,0.992462311557789,0.986170964600936,1.0,0.04854368932038835,0.009708737864077669,0.07766990291262135,0.5205030004390887,0.5034172030539511,0.5370492371705964,0.625,0.2925,1.0,0.8012170385395537,0.7953544949026877,0.8063297518600109,0.09009009009009009,0.01904761904761905,0.1423423423423423,0.48282980976422946,0.4172891609556481,0.574939336902962
External,Chang,3D ResNet-50 (Chang baseline),valid,,0.8383233532934131,0.8129986008347562,0.8662289421157684,0.8665170512757965,0.8337323754695809,0.8986830491940354,0.9170854271356784,0.8878283462768387,0.9447302134429273,0.5339805825242718,0.44150485436893205,0.6264563106796116,0.7255330048299751,0.6787953708329015,0.7702383891762655,0.625,0.5491996699669967,0.7025498712998713,0.8837772397094431,0.8639874698202629,0.9035618718592965,0.5759162303664922,0.49984753796455633,0.6477502147766323,0.6470206855920296,0.5593308219971096,0.7182859816434407
External,WSOFNet,WSOFNet,valid,,0.8522954091816367,0.8250316195535319,0.8741320359281437,0.8544421134800214,0.8117951859837625,0.8940762514184845,0.9422110552763819,0.9171024459054384,0.9660129762737739,0.5048543689320388,0.42208737864077667,0.6116504854368932,0.7235327121042103,0.6755458538225528,0.7698432837389148,0.6933333333333334,0.6014170317634173,0.7885860215053763,0.8802816901408451,0.8609846834284719,0.9028110789582472,0.5842696629213483,0.49809612983770285,0.6560066598360655,0.6491499555984636,0.5915567493275564,0.7240982326405203
External,VoCOv2,VoCOv2,valid,,0.22554890219560877,0.2154880949563324,0.23725079960560805,0.8167048836415085,0.7707186289136022,0.8521669106203217,0.02512562814070352,0.01256281407035176,0.03914350232173524,1.0,1.0,1.0,0.5125628140703518,0.5062814070351759,0.5195717511608676,0.20977596741344195,0.20682730923694778,0.21304123248293208,1.0,1.0,1.0,0.3468013468013468,0.3427620632279534,0.351251373618387,0.5177534353853783,0.4389242765115493,0.6106464006326588
External,3DINO,3DINO,valid,,0.8163672654690619,0.7894530120481928,0.8477234665477897,0.8713958140215642,0.8366391223872088,0.9047397133757765,0.8517587939698492,0.8234438210823601,0.8830758009189524,0.6796116504854369,0.5820388349514563,0.7572815533980582,0.7656852222276431,0.7074772155414901,0.8142614562388603,0.5426356589147286,0.49204903283850654,0.607914000984252,0.9112903225806451,0.8863079368334701,0.9324487201963534,0.603448275862069,0.5286786469344609,0.6724137931034483,0.5997703356635556,0.5347521453779567,0.6973697066242576
