cohort,ID,idh_truth,patient_group,patient_index,source
External,CASE_E_0001,0,GROUP_E_0001,0,UCSF-PDGM
External,CASE_E_0002,0,GROUP_E_0002,1,UCSF-PDGM
External,CASE_E_0003,0,GROUP_E_0003,2,UCSF-PDGM
External,CASE_E_0004,0,GROUP_E_0004,3,UCSF-PDGM
External,CASE_E_0005,0,GROUP_E_0005,4,UCSF-PDGM
External,CASE_E_0006,0,GROUP_E_0006,5,UCSF-PDGM
External,CASE_E_0007,0,GROUP_E_0007,6,UCSF-PDGM
External,CASE_E_0008,0,GROUP_E_0008,7,UCSF-PDGM
External,CASE_E_0009,0,GROUP_E_0009,8,UCSF-PDGM
External,CASE_E_0010,0,GROUP_E_0010,9,UCSF-PDGM
External,CASE_E_0011,0,GROUP_E_0011,10,UCSF-PDGM
External,CASE_E_0012,0,GROUP_E_0012,11,UCSF-PDGM
External,CASE_E_0013,0,GROUP_E_0013,12,UCSF-PDGM
External,CASE_E_0014,0,GROUP_E_0014,13,UCSF-PDGM
External,CASE_E_0015,0,GROUP_E_0015,14,UCSF-PDGM
External,CASE_E_0016,0,GROUP_E_0016,15,UCSF-PDGM
External,CASE_E_0017,1,GROUP_E_0017,16,UCSF-PDGM
External,CASE_E_0018,0,GROUP_E_0018,17,UCSF-PDGM
External,CASE_E_0019,0,GROUP_E_0019,18,UCSF-PDGM
External,CASE_E_0020,0,GROUP_E_0020,19,UCSF-PDGM
External,CASE_E_0021,0,GROUP_E_0021,20,UCSF-PDGM
External,CASE_E_0022,0,GROUP_E_0022,21,UCSF-PDGM
External,CASE_E_0023,0,GROUP_E_0023,22,UCSF-PDGM
External,CASE_E_0024,0,GROUP_E_0024,23,UCSF-PDGM
External,CASE_E_0025,0,GROUP_E_0025,24,UCSF-PDGM
External,CASE_E_0026,1,GROUP_E_0026,25,UCSF-PDGM
External,CASE_E_0027,0,GROUP_E_0027,26,UCSF-PDGM
External,CASE_E_0028,0,GROUP_E_0028,27,UCSF-PDGM
External,CASE_E_0029,0,GROUP_E_0029,28,UCSF-PDGM
External,CASE_E_0030,0,GROUP_E_0030,29,UCSF-PDGM
External,CASE_E_0031,0,GROUP_E_0031,30,UCSF-PDGM
External,CASE_E_0032,0,GROUP_E_0032,31,UCSF-PDGM
External,CASE_E_0033,0,GROUP_E_0033,32,UCSF-PDGM
External,CASE_E_0034,0,GROUP_E_0034,33,UCSF-PDGM
External,CASE_E_0035,0,GROUP_E_0035,34,UCSF-PDGM
External,CASE_E_0036,0,GROUP_E_0036,35,UCSF-PDGM
External,CASE_E_0037,0,GROUP_E_0037,36,UCSF-PDGM
External,CASE_E_0038,0,GROUP_E_0038,37,UCSF-PDGM
External,CASE_E_0039,1,GROUP_E_0039,38,UCSF-PDGM
External,CASE_E_0040,1,GROUP_E_0040,39,UCSF-PDGM
External,CASE_E_0041,0,GROUP_E_0041,40,UCSF-PDGM
External,CASE_E_0042,0,GROUP_E_0042,41,UCSF-PDGM
External,CASE_E_0043,0,GROUP_E_0043,42,UCSF-PDGM
External,CASE_E_0044,0,GROUP_E_0044,43,UCSF-PDGM
External,CASE_E_0045,0,GROUP_E_0045,44,UCSF-PDGM
External,CASE_E_0046,0,GROUP_E_0046,45,UCSF-PDGM
External,CASE_E_0047,0,GROUP_E_0047,46,UCSF-PDGM
External,CASE_E_0048,0,GROUP_E_0048,47,UCSF-PDGM
External,CASE_E_0049,0,GROUP_E_0049,48,UCSF-PDGM
External,CASE_E_0050,0,GROUP_E_0050,49,UCSF-PDGM
External,CASE_E_0051,0,GROUP_E_0051,50,UCSF-PDGM
External,CASE_E_0052,1,GROUP_E_0052,51,UCSF-PDGM
External,CASE_E_0053,0,GROUP_E_0053,52,UCSF-PDGM
External,CASE_E_0054,0,GROUP_E_0054,53,UCSF-PDGM
External,CASE_E_0055,0,GROUP_E_0055,54,UCSF-PDGM
External,CASE_E_0056,0,GROUP_E_0056,55,UCSF-PDGM
External,CASE_E_0057,0,GROUP_E_0057,56,UCSF-PDGM
External,CASE_E_0058,0,GROUP_E_0058,57,UCSF-PDGM
External,CASE_E_0059,0,GROUP_E_0059,58,UCSF-PDGM
External,CASE_E_0060,0,GROUP_E_0060,59,UCSF-PDGM
External,CASE_E_0061,0,GROUP_E_0061,60,UCSF-PDGM
External,CASE_E_0062,0,GROUP_E_0062,61,UCSF-PDGM
External,CASE_E_0063,1,GROUP_E_0063,62,UCSF-PDGM
External,CASE_E_0064,0,GROUP_E_0064,63,UCSF-PDGM
External,CASE_E_0065,0,GROUP_E_0065,64,UCSF-PDGM
External,CASE_E_0066,0,GROUP_E_0066,65,UCSF-PDGM
External,CASE_E_0067,0,GROUP_E_0067,66,UCSF-PDGM
External,CASE_E_0068,0,GROUP_E_0068,67,UCSF-PDGM
External,CASE_E_0069,0,GROUP_E_0069,68,UCSF-PDGM
External,CASE_E_0070,0,GROUP_E_0070,69,UCSF-PDGM
External,CASE_E_0071,0,GROUP_E_0071,70,UCSF-PDGM
External,CASE_E_0072,0,GROUP_E_0072,71,UCSF-PDGM
External,CASE_E_0073,0,GROUP_E_0073,72,UCSF-PDGM
External,CASE_E_0074,0,GROUP_E_0074,73,UCSF-PDGM
External,CASE_E_0075,0,GROUP_E_0075,74,UCSF-PDGM
External,CASE_E_0076,0,GROUP_E_0076,75,UCSF-PDGM
External,CASE_E_0077,0,GROUP_E_0077,76,UCSF-PDGM
External,CASE_E_0078,1,GROUP_E_0078,77,UCSF-PDGM
External,CASE_E_0079,0,GROUP_E_0079,78,UCSF-PDGM
External,CASE_E_0080,0,GROUP_E_0080,79,UCSF-PDGM
External,CASE_E_0081,0,GROUP_E_0081,80,UCSF-PDGM
External,CASE_E_0082,0,GROUP_E_0082,81,UCSF-PDGM
External,CASE_E_0083,0,GROUP_E_0083,82,UCSF-PDGM
External,CASE_E_0084,0,GROUP_E_0084,83,UCSF-PDGM
External,CASE_E_0085,0,GROUP_E_0085,84,UCSF-PDGM
External,CASE_E_0086,0,GROUP_E_0086,85,UCSF-PDGM
External,CASE_E_0087,0,GROUP_E_0087,86,UCSF-PDGM
External,CASE_E_0088,0,GROUP_E_0088,87,UCSF-PDGM
External,CASE_E_0089,0,GROUP_E_0089,88,UCSF-PDGM
External,CASE_E_0090,0,GROUP_E_0090,89,UCSF-PDGM
External,CASE_E_0091,0,GROUP_E_0091,90,UCSF-PDGM
External,CASE_E_0092,0,GROUP_E_0092,91,UCSF-PDGM
External,CASE_E_0093,0,GROUP_E_0093,92,UCSF-PDGM
External,CASE_E_0094,0,GROUP_E_0094,93,UCSF-PDGM
External,CASE_E_0095,1,GROUP_E_0095,94,UCSF-PDGM
External,CASE_E_0096,0,GROUP_E_0096,95,UCSF-PDGM
External,CASE_E_0097,0,GROUP_E_0097,96,UCSF-PDGM
External,CASE_E_0098,0,GROUP_E_0098,97,UCSF-PDGM
External,CASE_E_0099,0,GROUP_E_0099,98,UCSF-PDGM
External,CASE_E_0100,0,GROUP_E_0100,99,UCSF-PDGM
External,CASE_E_0101,0,GROUP_E_0101,100,UCSF-PDGM
External,CASE_E_0102,0,GROUP_E_0102,101,UCSF-PDGM
External,CASE_E_0103,0,GROUP_E_0103,102,UCSF-PDGM
External,CASE_E_0104,1,GROUP_E_0104,103,UCSF-PDGM
External,CASE_E_0105,0,GROUP_E_0105,104,UCSF-PDGM
External,CASE_E_0106,0,GROUP_E_0106,105,UCSF-PDGM
External,CASE_E_0107,0,GROUP_E_0107,106,UCSF-PDGM
External,CASE_E_0108,1,GROUP_E_0108,107,UCSF-PDGM
External,CASE_E_0109,0,GROUP_E_0109,108,UCSF-PDGM
External,CASE_E_0110,0,GROUP_E_0110,109,UCSF-PDGM
External,CASE_E_0111,0,GROUP_E_0111,110,UCSF-PDGM
External,CASE_E_0112,0,GROUP_E_0112,111,UCSF-PDGM
External,CASE_E_0113,0,GROUP_E_0113,112,UCSF-PDGM
External,CASE_E_0114,0,GROUP_E_0114,113,UCSF-PDGM
External,CASE_E_0115,1,GROUP_E_0115,114,UCSF-PDGM
External,CASE_E_0116,0,GROUP_E_0116,115,UCSF-PDGM
External,CASE_E_0117,0,GROUP_E_0117,116,UCSF-PDGM
External,CASE_E_0118,0,GROUP_E_0118,117,UCSF-PDGM
External,CASE_E_0119,0,GROUP_E_0119,118,UCSF-PDGM
External,CASE_E_0120,0,GROUP_E_0120,119,UCSF-PDGM
External,CASE_E_0121,0,GROUP_E_0121,120,UCSF-PDGM
External,CASE_E_0122,0,GROUP_E_0122,121,UCSF-PDGM
External,CASE_E_0123,0,GROUP_E_0123,122,UCSF-PDGM
External,CASE_E_0124,0,GROUP_E_0124,123,UCSF-PDGM
External,CASE_E_0125,0,GROUP_E_0125,124,UCSF-PDGM
External,CASE_E_0126,0,GROUP_E_0126,125,UCSF-PDGM
External,CASE_E_0127,0,GROUP_E_0127,126,UCSF-PDGM
External,CASE_E_0128,0,GROUP_E_0128,127,UCSF-PDGM
External,CASE_E_0129,1,GROUP_E_0129,128,UCSF-PDGM
External,CASE_E_0130,0,GROUP_E_0130,129,UCSF-PDGM
External,CASE_E_0131,0,GROUP_E_0131,130,UCSF-PDGM
External,CASE_E_0132,0,GROUP_E_0132,131,UCSF-PDGM
External,CASE_E_0133,0,GROUP_E_0133,132,UCSF-PDGM
External,CASE_E_0134,0,GROUP_E_0134,133,UCSF-PDGM
External,CASE_E_0135,0,GROUP_E_0135,134,UCSF-PDGM
External,CASE_E_0136,0,GROUP_E_0136,135,UCSF-PDGM
External,CASE_E_0137,0,GROUP_E_0137,136,UCSF-PDGM
External,CASE_E_0138,1,GROUP_E_0138,137,UCSF-PDGM
External,CASE_E_0139,0,GROUP_E_0139,138,UCSF-PDGM
External,CASE_E_0140,0,GROUP_E_0140,139,UCSF-PDGM
External,CASE_E_0141,0,GROUP_E_0141,140,UCSF-PDGM
External,CASE_E_0142,0,GROUP_E_0142,141,UCSF-PDGM
External,CASE_E_0143,0,GROUP_E_0143,142,UCSF-PDGM
External,CASE_E_0144,1,GROUP_E_0144,143,UCSF-PDGM
External,CASE_E_0145,0,GROUP_E_0145,144,UCSF-PDGM
External,CASE_E_0146,0,GROUP_E_0146,145,UCSF-PDGM
External,CASE_E_0147,0,GROUP_E_0147,146,UCSF-PDGM
External,CASE_E_0148,0,GROUP_E_0148,147,UCSF-PDGM
External,CASE_E_0149,0,GROUP_E_0149,148,UCSF-PDGM
External,CASE_E_0150,0,GROUP_E_0150,149,UCSF-PDGM
External,CASE_E_0151,0,GROUP_E_0151,150,UCSF-PDGM
External,CASE_E_0152,0,GROUP_E_0152,151,UCSF-PDGM
External,CASE_E_0153,0,GROUP_E_0153,152,UCSF-PDGM
External,CASE_E_0154,0,GROUP_E_0154,153,UCSF-PDGM
External,CASE_E_0155,1,GROUP_E_0155,154,UCSF-PDGM
External,CASE_E_0156,0,GROUP_E_0156,155,UCSF-PDGM
External,CASE_E_0157,0,GROUP_E_0157,156,UCSF-PDGM
External,CASE_E_0158,0,GROUP_E_0158,157,UCSF-PDGM
External,CASE_E_0159,0,GROUP_E_0159,158,UCSF-PDGM
External,CASE_E_0160,0,GROUP_E_0160,159,UCSF-PDGM
External,CASE_E_0161,0,GROUP_E_0161,160,UCSF-PDGM
External,CASE_E_0162,0,GROUP_E_0162,161,UCSF-PDGM
External,CASE_E_0163,0,GROUP_E_0163,162,UCSF-PDGM
External,CASE_E_0164,0,GROUP_E_0164,163,UCSF-PDGM
External,CASE_E_0165,0,GROUP_E_0165,164,UCSF-PDGM
External,CASE_E_0166,0,GROUP_E_0166,165,UCSF-PDGM
External,CASE_E_0167,0,GROUP_E_0167,166,UCSF-PDGM
External,CASE_E_0168,1,GROUP_E_0168,167,UCSF-PDGM
External,CASE_E_0169,0,GROUP_E_0169,168,UCSF-PDGM
External,CASE_E_0170,0,GROUP_E_0170,169,UCSF-PDGM
External,CASE_E_0171,0,GROUP_E_0171,170,UCSF-PDGM
External,CASE_E_0172,0,GROUP_E_0172,171,UCSF-PDGM
External,CASE_E_0173,0,GROUP_E_0173,172,UCSF-PDGM
External,CASE_E_0174,0,GROUP_E_0174,173,UCSF-PDGM
External,CASE_E_0175,0,GROUP_E_0175,174,UCSF-PDGM
External,CASE_E_0176,0,GROUP_E_0176,175,UCSF-PDGM
External,CASE_E_0177,0,GROUP_E_0177,176,UCSF-PDGM
External,CASE_E_0178,0,GROUP_E_0178,177,UCSF-PDGM
External,CASE_E_0179,0,GROUP_E_0179,178,UCSF-PDGM
External,CASE_E_0180,0,GROUP_E_0180,179,UCSF-PDGM
External,CASE_E_0181,1,GROUP_E_0181,180,UCSF-PDGM
External,CASE_E_0182,1,GROUP_E_0182,181,UCSF-PDGM
External,CASE_E_0183,0,GROUP_E_0183,182,UCSF-PDGM
External,CASE_E_0184,0,GROUP_E_0184,183,UCSF-PDGM
External,CASE_E_0185,0,GROUP_E_0185,184,UCSF-PDGM
External,CASE_E_0186,0,GROUP_E_0186,185,UCSF-PDGM
External,CASE_E_0187,0,GROUP_E_0187,186,UCSF-PDGM
External,CASE_E_0188,0,GROUP_E_0188,187,UCSF-PDGM
External,CASE_E_0189,0,GROUP_E_0189,188,UCSF-PDGM
External,CASE_E_0190,0,GROUP_E_0190,189,UCSF-PDGM
External,CASE_E_0191,0,GROUP_E_0191,190,UCSF-PDGM
External,CASE_E_0192,0,GROUP_E_0192,191,UCSF-PDGM
External,CASE_E_0193,0,GROUP_E_0193,192,UCSF-PDGM
External,CASE_E_0194,0,GROUP_E_0194,193,UCSF-PDGM
External,CASE_E_0195,0,GROUP_E_0195,194,UCSF-PDGM
External,CASE_E_0196,1,GROUP_E_0196,195,UCSF-PDGM
External,CASE_E_0197,1,GROUP_E_0197,196,UCSF-PDGM
External,CASE_E_0198,1,GROUP_E_0198,197,UCSF-PDGM
External,CASE_E_0199,1,GROUP_E_0199,198,UCSF-PDGM
External,CASE_E_0200,1,GROUP_E_0200,199,UCSF-PDGM
External,CASE_E_0201,1,GROUP_E_0201,200,UCSF-PDGM
External,CASE_E_0202,1,GROUP_E_0202,201,UCSF-PDGM
External,CASE_E_0203,1,GROUP_E_0203,202,UCSF-PDGM
External,CASE_E_0204,1,GROUP_E_0204,203,UCSF-PDGM
External,CASE_E_0205,1,GROUP_E_0205,204,UCSF-PDGM
External,CASE_E_0206,1,GROUP_E_0206,205,UCSF-PDGM
External,CASE_E_0207,1,GROUP_E_0207,206,UCSF-PDGM
External,CASE_E_0208,1,GROUP_E_0208,207,UCSF-PDGM
External,CASE_E_0209,1,GROUP_E_0209,208,UCSF-PDGM
External,CASE_E_0210,1,GROUP_E_0210,209,UCSF-PDGM
External,CASE_E_0211,1,GROUP_E_0211,210,UCSF-PDGM
External,CASE_E_0212,1,GROUP_E_0212,211,UCSF-PDGM
External,CASE_E_0213,1,GROUP_E_0213,212,UCSF-PDGM
External,CASE_E_0214,0,GROUP_E_0214,213,UCSF-PDGM
External,CASE_E_0215,1,GROUP_E_0215,214,UCSF-PDGM
External,CASE_E_0216,1,GROUP_E_0216,215,UCSF-PDGM
External,CASE_E_0217,1,GROUP_E_0217,216,UCSF-PDGM
External,CASE_E_0218,1,GROUP_E_0218,217,UCSF-PDGM
External,CASE_E_0219,0,GROUP_E_0219,218,UCSF-PDGM
External,CASE_E_0220,1,GROUP_E_0220,219,UCSF-PDGM
External,CASE_E_0221,1,GROUP_E_0221,220,UCSF-PDGM
External,CASE_E_0222,1,GROUP_E_0222,221,UCSF-PDGM
External,CASE_E_0223,1,GROUP_E_0223,222,UCSF-PDGM
External,CASE_E_0224,1,GROUP_E_0224,223,UCSF-PDGM
External,CASE_E_0225,1,GROUP_E_0225,224,UCSF-PDGM
External,CASE_E_0226,1,GROUP_E_0226,225,UCSF-PDGM
External,CASE_E_0227,1,GROUP_E_0227,226,UCSF-PDGM
External,CASE_E_0228,0,GROUP_E_0228,227,UCSF-PDGM
External,CASE_E_0229,1,GROUP_E_0229,228,UCSF-PDGM
External,CASE_E_0230,1,GROUP_E_0230,229,UCSF-PDGM
External,CASE_E_0231,1,GROUP_E_0231,230,UCSF-PDGM
External,CASE_E_0232,1,GROUP_E_0232,231,UCSF-PDGM
External,CASE_E_0233,0,GROUP_E_0233,232,UCSF-PDGM
External,CASE_E_0234,1,GROUP_E_0234,233,UCSF-PDGM
External,CASE_E_0235,0,GROUP_E_0235,234,UCSF-PDGM
External,CASE_E_0236,1,GROUP_E_0236,235,UCSF-PDGM
External,CASE_E_0237,0,GROUP_E_0237,236,UCSF-PDGM
External,CASE_E_0238,1,GROUP_E_0238,237,UCSF-PDGM
External,CASE_E_0239,0,GROUP_E_0239,238,UCSF-PDGM
External,CASE_E_0240,0,GROUP_E_0240,239,UCSF-PDGM
External,CASE_E_0241,0,GROUP_E_0241,240,UCSF-PDGM
External,CASE_E_0242,0,GROUP_E_0242,241,UCSF-PDGM
External,CASE_E_0243,0,GROUP_E_0243,242,UCSF-PDGM
External,CASE_E_0244,1,GROUP_E_0244,243,UCSF-PDGM
External,CASE_E_0245,1,GROUP_E_0245,244,UCSF-PDGM
External,CASE_E_0246,0,GROUP_E_0246,245,UCSF-PDGM
External,CASE_E_0247,0,GROUP_E_0247,246,UCSF-PDGM
External,CASE_E_0248,1,GROUP_E_0248,247,UCSF-PDGM
External,CASE_E_0249,1,GROUP_E_0249,248,UCSF-PDGM
External,CASE_E_0250,0,GROUP_E_0250,249,UCSF-PDGM
External,CASE_E_0251,0,GROUP_E_0251,250,UCSF-PDGM
External,CASE_E_0252,1,GROUP_E_0252,251,UCSF-PDGM
External,CASE_E_0253,0,GROUP_E_0253,252,UCSF-PDGM
External,CASE_E_0254,0,GROUP_E_0254,253,UCSF-PDGM
External,CASE_E_0255,0,GROUP_E_0255,254,UCSF-PDGM
External,CASE_E_0256,0,GROUP_E_0256,255,UCSF-PDGM
External,CASE_E_0257,1,GROUP_E_0257,256,UCSF-PDGM
External,CASE_E_0258,1,GROUP_E_0258,257,UCSF-PDGM
External,CASE_E_0259,0,GROUP_E_0259,258,UCSF-PDGM
External,CASE_E_0260,1,GROUP_E_0260,259,UCSF-PDGM
External,CASE_E_0261,1,GROUP_E_0261,260,UCSF-PDGM
External,CASE_E_0262,1,GROUP_E_0262,261,UCSF-PDGM
External,CASE_E_0263,0,GROUP_E_0263,262,UCSF-PDGM
External,CASE_E_0264,1,GROUP_E_0264,263,UCSF-PDGM
External,CASE_E_0265,1,GROUP_E_0265,264,UCSF-PDGM
External,CASE_E_0266,0,GROUP_E_0266,265,UCSF-PDGM
External,CASE_E_0267,0,GROUP_E_0267,266,UCSF-PDGM
External,CASE_E_0268,0,GROUP_E_0268,267,UCSF-PDGM
External,CASE_E_0269,0,GROUP_E_0269,268,UCSF-PDGM
External,CASE_E_0270,0,GROUP_E_0270,269,UCSF-PDGM
External,CASE_E_0271,0,GROUP_E_0271,270,UCSF-PDGM
External,CASE_E_0272,0,GROUP_E_0272,271,UCSF-PDGM
External,CASE_E_0273,0,GROUP_E_0273,272,UCSF-PDGM
External,CASE_E_0274,0,GROUP_E_0274,273,UCSF-PDGM
External,CASE_E_0275,0,GROUP_E_0275,274,UCSF-PDGM
External,CASE_E_0276,0,GROUP_E_0276,275,UCSF-PDGM
External,CASE_E_0277,0,GROUP_E_0277,276,UCSF-PDGM
External,CASE_E_0278,0,GROUP_E_0278,277,UCSF-PDGM
External,CASE_E_0279,1,GROUP_E_0279,278,UCSF-PDGM
External,CASE_E_0280,0,GROUP_E_0280,279,UCSF-PDGM
External,CASE_E_0281,1,GROUP_E_0281,280,UCSF-PDGM
External,CASE_E_0282,0,GROUP_E_0282,281,UCSF-PDGM
External,CASE_E_0283,0,GROUP_E_0283,282,UCSF-PDGM
External,CASE_E_0284,0,GROUP_E_0284,283,UCSF-PDGM
External,CASE_E_0285,0,GROUP_E_0285,284,UCSF-PDGM
External,CASE_E_0286,1,GROUP_E_0286,285,UCSF-PDGM
External,CASE_E_0287,0,GROUP_E_0287,286,UCSF-PDGM
External,CASE_E_0288,0,GROUP_E_0288,287,UCSF-PDGM
External,CASE_E_0289,0,GROUP_E_0289,288,UCSF-PDGM
External,CASE_E_0290,0,GROUP_E_0290,289,UCSF-PDGM
External,CASE_E_0291,0,GROUP_E_0291,290,UCSF-PDGM
External,CASE_E_0292,0,GROUP_E_0292,291,UCSF-PDGM
External,CASE_E_0293,0,GROUP_E_0293,292,UCSF-PDGM
External,CASE_E_0294,0,GROUP_E_0294,293,UCSF-PDGM
External,CASE_E_0295,0,GROUP_E_0295,294,UCSF-PDGM
External,CASE_E_0296,0,GROUP_E_0296,295,UCSF-PDGM
External,CASE_E_0297,0,GROUP_E_0297,296,UCSF-PDGM
External,CASE_E_0298,0,GROUP_E_0298,297,UCSF-PDGM
External,CASE_E_0299,0,GROUP_E_0299,298,UCSF-PDGM
External,CASE_E_0300,0,GROUP_E_0300,299,UCSF-PDGM
External,CASE_E_0301,0,GROUP_E_0301,300,UCSF-PDGM
External,CASE_E_0302,0,GROUP_E_0302,301,UCSF-PDGM
External,CASE_E_0303,0,GROUP_E_0303,302,UCSF-PDGM
External,CASE_E_0304,0,GROUP_E_0304,303,UCSF-PDGM
External,CASE_E_0305,0,GROUP_E_0305,304,UCSF-PDGM
External,CASE_E_0306,0,GROUP_E_0306,305,UCSF-PDGM
External,CASE_E_0307,0,GROUP_E_0307,306,UCSF-PDGM
External,CASE_E_0308,0,GROUP_E_0308,307,UCSF-PDGM
External,CASE_E_0309,0,GROUP_E_0309,308,UCSF-PDGM
External,CASE_E_0310,0,GROUP_E_0310,309,UCSF-PDGM
External,CASE_E_0311,0,GROUP_E_0311,310,UCSF-PDGM
External,CASE_E_0312,0,GROUP_E_0312,311,UCSF-PDGM
External,CASE_E_0313,0,GROUP_E_0313,312,UCSF-PDGM
External,CASE_E_0314,0,GROUP_E_0314,313,UCSF-PDGM
External,CASE_E_0315,0,GROUP_E_0315,314,UCSF-PDGM
External,CASE_E_0316,0,GROUP_E_0316,315,UCSF-PDGM
External,CASE_E_0317,0,GROUP_E_0317,316,UCSF-PDGM
External,CASE_E_0318,0,GROUP_E_0318,317,UCSF-PDGM
External,CASE_E_0319,0,GROUP_E_0319,318,UCSF-PDGM
External,CASE_E_0320,0,GROUP_E_0320,319,UCSF-PDGM
External,CASE_E_0321,0,GROUP_E_0321,320,UCSF-PDGM
External,CASE_E_0322,1,GROUP_E_0322,321,UCSF-PDGM
External,CASE_E_0323,0,GROUP_E_0323,322,UCSF-PDGM
External,CASE_E_0324,0,GROUP_E_0324,323,UCSF-PDGM
External,CASE_E_0325,0,GROUP_E_0325,324,UCSF-PDGM
External,CASE_E_0326,0,GROUP_E_0326,325,UCSF-PDGM
External,CASE_E_0327,0,GROUP_E_0327,326,UCSF-PDGM
External,CASE_E_0328,0,GROUP_E_0328,327,UCSF-PDGM
External,CASE_E_0329,0,GROUP_E_0329,328,UCSF-PDGM
External,CASE_E_0330,0,GROUP_E_0330,329,UCSF-PDGM
External,CASE_E_0331,0,GROUP_E_0331,330,UCSF-PDGM
External,CASE_E_0332,0,GROUP_E_0332,331,UCSF-PDGM
External,CASE_E_0333,0,GROUP_E_0333,332,UCSF-PDGM
External,CASE_E_0334,0,GROUP_E_0334,333,UCSF-PDGM
External,CASE_E_0335,0,GROUP_E_0335,334,UCSF-PDGM
External,CASE_E_0336,0,GROUP_E_0336,335,UCSF-PDGM
External,CASE_E_0337,0,GROUP_E_0337,336,UCSF-PDGM
External,CASE_E_0338,0,GROUP_E_0338,337,UCSF-PDGM
External,CASE_E_0339,0,GROUP_E_0339,338,UCSF-PDGM
External,CASE_E_0340,0,GROUP_E_0340,339,UCSF-PDGM
External,CASE_E_0341,0,GROUP_E_0341,340,UCSF-PDGM
External,CASE_E_0342,0,GROUP_E_0342,341,UCSF-PDGM
External,CASE_E_0343,0,GROUP_E_0343,342,UCSF-PDGM
External,CASE_E_0344,0,GROUP_E_0344,343,UCSF-PDGM
External,CASE_E_0345,0,GROUP_E_0345,344,UCSF-PDGM
External,CASE_E_0346,0,GROUP_E_0346,345,UCSF-PDGM
External,CASE_E_0347,0,GROUP_E_0346,345,UCSF-PDGM
External,CASE_E_0348,0,GROUP_E_0347,346,UCSF-PDGM
External,CASE_E_0349,0,GROUP_E_0348,347,UCSF-PDGM
External,CASE_E_0350,0,GROUP_E_0349,348,UCSF-PDGM
External,CASE_E_0351,0,GROUP_E_0350,349,UCSF-PDGM
External,CASE_E_0352,0,GROUP_E_0351,350,UCSF-PDGM
External,CASE_E_0353,0,GROUP_E_0351,350,UCSF-PDGM
External,CASE_E_0354,0,GROUP_E_0352,351,UCSF-PDGM
External,CASE_E_0355,0,GROUP_E_0353,352,UCSF-PDGM
External,CASE_E_0356,0,GROUP_E_0354,353,UCSF-PDGM
External,CASE_E_0357,0,GROUP_E_0355,354,UCSF-PDGM
External,CASE_E_0358,0,GROUP_E_0356,355,UCSF-PDGM
External,CASE_E_0359,0,GROUP_E_0357,356,UCSF-PDGM
External,CASE_E_0360,0,GROUP_E_0358,357,UCSF-PDGM
External,CASE_E_0361,0,GROUP_E_0359,358,UCSF-PDGM
External,CASE_E_0362,0,GROUP_E_0360,359,UCSF-PDGM
External,CASE_E_0363,0,GROUP_E_0361,360,UCSF-PDGM
External,CASE_E_0364,1,GROUP_E_0362,361,UCSF-PDGM
External,CASE_E_0365,0,GROUP_E_0363,362,UCSF-PDGM
External,CASE_E_0366,0,GROUP_E_0363,362,UCSF-PDGM
External,CASE_E_0367,0,GROUP_E_0364,363,UCSF-PDGM
External,CASE_E_0368,0,GROUP_E_0365,364,UCSF-PDGM
External,CASE_E_0369,0,GROUP_E_0366,365,UCSF-PDGM
External,CASE_E_0370,0,GROUP_E_0367,366,UCSF-PDGM
External,CASE_E_0371,0,GROUP_E_0368,367,UCSF-PDGM
External,CASE_E_0372,1,GROUP_E_0369,368,UCSF-PDGM
External,CASE_E_0373,0,GROUP_E_0370,369,UCSF-PDGM
External,CASE_E_0374,0,GROUP_E_0371,370,UCSF-PDGM
External,CASE_E_0375,0,GROUP_E_0372,371,UCSF-PDGM
External,CASE_E_0376,0,GROUP_E_0373,372,UCSF-PDGM
External,CASE_E_0377,0,GROUP_E_0374,373,UCSF-PDGM
External,CASE_E_0378,0,GROUP_E_0375,374,UCSF-PDGM
External,CASE_E_0379,0,GROUP_E_0376,375,UCSF-PDGM
External,CASE_E_0380,0,GROUP_E_0377,376,UCSF-PDGM
External,CASE_E_0381,0,GROUP_E_0378,377,UCSF-PDGM
External,CASE_E_0382,0,GROUP_E_0379,378,UCSF-PDGM
External,CASE_E_0383,0,GROUP_E_0380,379,UCSF-PDGM
External,CASE_E_0384,1,GROUP_E_0381,380,UCSF-PDGM
External,CASE_E_0385,0,GROUP_E_0382,381,UCSF-PDGM
External,CASE_E_0386,0,GROUP_E_0383,382,UCSF-PDGM
External,CASE_E_0387,0,GROUP_E_0383,382,UCSF-PDGM
External,CASE_E_0388,0,GROUP_E_0384,383,UCSF-PDGM
External,CASE_E_0389,0,GROUP_E_0385,384,UCSF-PDGM
External,CASE_E_0390,0,GROUP_E_0385,384,UCSF-PDGM
External,CASE_E_0391,1,GROUP_E_0386,385,UCSF-PDGM
External,CASE_E_0392,0,GROUP_E_0387,386,UCSF-PDGM
External,CASE_E_0393,0,GROUP_E_0387,386,UCSF-PDGM
External,CASE_E_0394,0,GROUP_E_0388,387,UCSF-PDGM
External,CASE_E_0395,0,GROUP_E_0389,388,UCSF-PDGM
External,CASE_E_0396,0,GROUP_E_0390,389,UCSF-PDGM
External,CASE_E_0397,1,GROUP_E_0391,390,UCSF-PDGM
External,CASE_E_0398,1,GROUP_E_0392,391,UCSF-PDGM
External,CASE_E_0399,1,GROUP_E_0393,392,UCSF-PDGM
External,CASE_E_0400,1,GROUP_E_0394,393,UCSF-PDGM
External,CASE_E_0401,1,GROUP_E_0395,394,UCSF-PDGM
External,CASE_E_0402,0,GROUP_E_0396,395,UCSF-PDGM
External,CASE_E_0403,0,GROUP_E_0397,396,UCSF-PDGM
External,CASE_E_0404,1,GROUP_E_0398,397,UCSF-PDGM
External,CASE_E_0405,1,GROUP_E_0399,398,UCSF-PDGM
External,CASE_E_0406,1,GROUP_E_0400,399,UCSF-PDGM
External,CASE_E_0407,0,GROUP_E_0401,400,UCSF-PDGM
External,CASE_E_0408,0,GROUP_E_0402,401,UCSF-PDGM
External,CASE_E_0409,0,GROUP_E_0403,402,UCSF-PDGM
External,CASE_E_0410,0,GROUP_E_0404,403,UCSF-PDGM
External,CASE_E_0411,0,GROUP_E_0405,404,UCSF-PDGM
External,CASE_E_0412,0,GROUP_E_0406,405,UCSF-PDGM
External,CASE_E_0413,0,GROUP_E_0407,406,UCSF-PDGM
External,CASE_E_0414,0,GROUP_E_0408,407,UCSF-PDGM
External,CASE_E_0415,0,GROUP_E_0409,408,UCSF-PDGM
External,CASE_E_0416,0,GROUP_E_0410,409,UCSF-PDGM
External,CASE_E_0417,0,GROUP_E_0411,410,UCSF-PDGM
External,CASE_E_0418,0,GROUP_E_0412,411,UCSF-PDGM
External,CASE_E_0419,0,GROUP_E_0413,412,UCSF-PDGM
External,CASE_E_0420,1,GROUP_E_0414,413,UCSF-PDGM
External,CASE_E_0421,0,GROUP_E_0415,414,UCSF-PDGM
External,CASE_E_0422,0,GROUP_E_0416,415,UCSF-PDGM
External,CASE_E_0423,0,GROUP_E_0417,416,UCSF-PDGM
External,CASE_E_0424,0,GROUP_E_0418,417,UCSF-PDGM
External,CASE_E_0425,0,GROUP_E_0419,418,UCSF-PDGM
External,CASE_E_0426,0,GROUP_E_0420,419,UCSF-PDGM
External,CASE_E_0427,0,GROUP_E_0421,420,UCSF-PDGM
External,CASE_E_0428,1,GROUP_E_0422,421,UCSF-PDGM
External,CASE_E_0429,1,GROUP_E_0423,422,UCSF-PDGM
External,CASE_E_0430,0,GROUP_E_0424,423,UCSF-PDGM
External,CASE_E_0431,0,GROUP_E_0425,424,UCSF-PDGM
External,CASE_E_0432,0,GROUP_E_0426,425,UCSF-PDGM
External,CASE_E_0433,1,GROUP_E_0427,426,UCSF-PDGM
External,CASE_E_0434,1,GROUP_E_0428,427,UCSF-PDGM
External,CASE_E_0435,1,GROUP_E_0429,428,UCSF-PDGM
External,CASE_E_0436,1,GROUP_E_0430,429,UCSF-PDGM
External,CASE_E_0437,0,GROUP_E_0431,430,UCSF-PDGM
External,CASE_E_0438,1,GROUP_E_0432,431,UCSF-PDGM
External,CASE_E_0439,0,GROUP_E_0433,432,UCSF-PDGM
External,CASE_E_0440,0,GROUP_E_0434,433,UCSF-PDGM
External,CASE_E_0441,0,GROUP_E_0435,434,UCSF-PDGM
External,CASE_E_0442,1,GROUP_E_0436,435,UCSF-PDGM
External,CASE_E_0443,0,GROUP_E_0437,436,UCSF-PDGM
External,CASE_E_0444,0,GROUP_E_0438,437,UCSF-PDGM
External,CASE_E_0445,1,GROUP_E_0439,438,UCSF-PDGM
External,CASE_E_0446,0,GROUP_E_0440,439,UCSF-PDGM
External,CASE_E_0447,0,GROUP_E_0441,440,UCSF-PDGM
External,CASE_E_0448,0,GROUP_E_0442,441,UCSF-PDGM
External,CASE_E_0449,1,GROUP_E_0443,442,UCSF-PDGM
External,CASE_E_0450,1,GROUP_E_0444,443,UCSF-PDGM
External,CASE_E_0451,0,GROUP_E_0445,444,UCSF-PDGM
External,CASE_E_0452,0,GROUP_E_0446,445,UCSF-PDGM
External,CASE_E_0453,0,GROUP_E_0447,446,UCSF-PDGM
External,CASE_E_0454,0,GROUP_E_0448,447,UCSF-PDGM
External,CASE_E_0455,0,GROUP_E_0449,448,UCSF-PDGM
External,CASE_E_0456,0,GROUP_E_0450,449,UCSF-PDGM
External,CASE_E_0457,0,GROUP_E_0451,450,UCSF-PDGM
External,CASE_E_0458,0,GROUP_E_0452,451,UCSF-PDGM
External,CASE_E_0459,1,GROUP_E_0453,452,UCSF-PDGM
External,CASE_E_0460,0,GROUP_E_0454,453,UCSF-PDGM
External,CASE_E_0461,1,GROUP_E_0455,454,UCSF-PDGM
External,CASE_E_0462,0,GROUP_E_0456,455,UCSF-PDGM
External,CASE_E_0463,0,GROUP_E_0457,456,UCSF-PDGM
External,CASE_E_0464,0,GROUP_E_0458,457,UCSF-PDGM
External,CASE_E_0465,0,GROUP_E_0459,458,UCSF-PDGM
External,CASE_E_0466,0,GROUP_E_0460,459,UCSF-PDGM
External,CASE_E_0467,0,GROUP_E_0461,460,UCSF-PDGM
External,CASE_E_0468,0,GROUP_E_0462,461,UCSF-PDGM
External,CASE_E_0469,0,GROUP_E_0463,462,UCSF-PDGM
External,CASE_E_0470,0,GROUP_E_0464,463,UCSF-PDGM
External,CASE_E_0471,0,GROUP_E_0465,464,UCSF-PDGM
External,CASE_E_0472,0,GROUP_E_0466,465,UCSF-PDGM
External,CASE_E_0473,0,GROUP_E_0467,466,UCSF-PDGM
External,CASE_E_0474,0,GROUP_E_0468,467,UCSF-PDGM
External,CASE_E_0475,0,GROUP_E_0469,468,UCSF-PDGM
External,CASE_E_0476,0,GROUP_E_0470,469,UCSF-PDGM
External,CASE_E_0477,1,GROUP_E_0471,470,UCSF-PDGM
External,CASE_E_0478,0,GROUP_E_0472,471,UCSF-PDGM
External,CASE_E_0479,0,GROUP_E_0473,472,UCSF-PDGM
External,CASE_E_0480,0,GROUP_E_0474,473,UCSF-PDGM
External,CASE_E_0481,0,GROUP_E_0475,474,UCSF-PDGM
External,CASE_E_0482,0,GROUP_E_0476,475,UCSF-PDGM
External,CASE_E_0483,0,GROUP_E_0477,476,UCSF-PDGM
External,CASE_E_0484,0,GROUP_E_0478,477,UCSF-PDGM
External,CASE_E_0485,0,GROUP_E_0479,478,UCSF-PDGM
External,CASE_E_0486,0,GROUP_E_0480,479,UCSF-PDGM
External,CASE_E_0487,0,GROUP_E_0481,480,UCSF-PDGM
External,CASE_E_0488,0,GROUP_E_0482,481,UCSF-PDGM
External,CASE_E_0489,1,GROUP_E_0483,482,UCSF-PDGM
External,CASE_E_0490,1,GROUP_E_0484,483,UCSF-PDGM
External,CASE_E_0491,1,GROUP_E_0485,484,UCSF-PDGM
External,CASE_E_0492,0,GROUP_E_0486,485,UCSF-PDGM
External,CASE_E_0493,0,GROUP_E_0487,486,UCSF-PDGM
External,CASE_E_0494,0,GROUP_E_0488,487,UCSF-PDGM
External,CASE_E_0495,1,GROUP_E_0489,488,UCSF-PDGM
External,CASE_E_0496,0,GROUP_E_0490,489,UCSF-PDGM
External,CASE_E_0497,0,GROUP_E_0491,490,UCSF-PDGM
External,CASE_E_0498,0,GROUP_E_0492,491,UCSF-PDGM
External,CASE_E_0499,0,GROUP_E_0493,492,UCSF-PDGM
External,CASE_E_0500,1,GROUP_E_0494,493,UCSF-PDGM
External,CASE_E_0501,0,GROUP_E_0495,494,UCSF-PDGM
